--
-- PostgreSQL database dump
--

\restrict ZhTX4gAphTbdAecuRHGDTMXDtc7hC93HIBcDO9HWZDBrZUU0n6uojrD2LcHaPbS

-- Dumped from database version 17.6
-- Dumped by pg_dump version 17.6

SET statement_timeout = 0;
SET lock_timeout = 0;
SET idle_in_transaction_session_timeout = 0;
SET transaction_timeout = 0;
SET client_encoding = 'UTF8';
SET standard_conforming_strings = on;
SELECT pg_catalog.set_config('search_path', '', false);
SET check_function_bodies = false;
SET xmloption = content;
SET client_min_messages = warning;
SET row_security = off;

--
-- Data for Name: businesses; Type: TABLE DATA; Schema: public; Owner: postgres
--

COPY public.businesses (id, name, address, phone, email, uses_iva, rfc, curp, sime, street, ext_num, int_num, colonia, zip_code, alcaldia, city, regimen_fiscal, payment_cash, payment_card, payment_points, allow_deferred, points_per_peso, peso_per_point, country, discount_enabled, max_discount_pct, normal_days, urgent_days, extra_urgent_days, urgent_pct, extra_urgent_pct, carousel_format_hint, portal_primary_color, portal_bg_color, portal_slogan, portal_logo_url, is_active) FROM stdin;
21	Ybarra	Sur 105 1421	5530746982	huttman@hotmail.com	t	\N	\N	\N	\N	\N	\N	\N	\N	\N	\N	\N	t	t	f	t	1	1	México	t	50	3	1	0	20	50	\N	#1976d2	#f5f5f5	\N	\N	t
22	El Chato	El Chato 22	5555555555	elchato@gmaill.com	t	\N	\N	\N	\N	\N	\N	\N	\N	\N	\N	\N	t	t	f	t	1	1	México	t	50	3	1	0	20	50	\N	#1976d2	#f5f5f5	\N	\N	t
23	Isaac	Sur 107 111			t	1212											t	t	f	t	1	1	México	t	50	3	1	0	20	50	\N	#1976d2	#f5f5f5	\N	\N	t
20	Amor De Mi Vida	Sur 105 1421	5530746982	tany@hotmail.com	f	OOHH1580072V8	OOHH150807TNRJRHR		Sur 105	1421		Aeronautica Militar	15970	Venustiano Carranza	CDMX	Persona fisica	t	t	f	t	1	1	México	f	50	3	1	0	20	50		#242e38	#f5f5f5		data:image/png;base64,iVBORw0KGgoAAAANSUhEUgAAA7gAAAKHCAYAAACrYuSXAAAACXBIWXMAACxKAAAsSgF3enRNAAAgAElEQVR4nOzdMXbcRro24G/ucS7vQLorkGYF4sQdSDftxHDcgTkrELQC00HHbiWdXino2OQKRlrBJVfwmyvwH3RRpqhuspsEUIXC85yjM2MJapRIEIW3qvDVP/76668AmJLZfHEeEa9zt4PO/LxZL1e5GzFms/nix4i4jIhnmZtC995v1ss2dyMAhvJfuRsAAE/U5m5ABU5DuAWgAgIuAGP3fDZfNLkbMXKnuRsAAF0QcAGoQZu7AWOVBgfM3gJQBQEXgBqYxX28NncDAKArAi4AtWhTsSQOlAYFnuduBwB0RcAFoBbPw7ukx2pzNwAAuiTgAlCTU7O4hzF7C0CNfsjdAIACfYiIVe5G3ONtRPySuxGFehbbWdw2czvGoM3dgBG4iPK/TmcR8TJ3IwBKIeACfO9ys16e527EPc5n88XbMPu2z+lsvjjbrJd/5m5IqczeHqwt/F4Qs/nCdQ5wiyXKAOPkXdP9bmZx2a/N3YAR+FB6uAXgewIuwAht1suPsV0+yW7exd3D7O3B2twNAOB4Ai7AeJml3M8s7n5t7gaMwG+b9fIydyMAOJ6ACzBSm/Xyc2wLYrGbWdw7zN4e5DoMAgCMloALMG6nsX0g53tmcb/X5m7ACChQBjBiAi7AiKUH8bPc7SiYWdzE7O1BrsPPE8CoCbgAI7dZL9uIuMrdjkI9C4Hlhtnsh52avQUYNwEXoA7Cy34/zeaLF7kbkdNsvjiJiJe521G4q816ucrdCACeRsAFqIBtgx7U5m5AZm3uBoyAQSKACgi4APXwgL7fZGdx0+zt69ztKNxFGiQCYOQEXIBK2DboQW3uBmTS5m7ACLS5GwBANwRcgLrYNmi/yc3imr09yKfNenmeuxEAdEPABaiIbYMe1OZuwMDa3A0YAUv7ASoi4ALU5yxsG7TPZGZxzd4e5MNmvbzM3QgAuiPgAlQmzeK2udtRsDZ3AwbS5m5A4a7D1wigOgIuQIXSfp62Ddqt+llcs7cHOTN7C1AfARegXm3uBhRslbsBPWtzN6Bw1+FddYAqCbgAlUqVYW0btNvrNMtZHbO3B2nTUn4AKiPgAtStDdsG7dPmbkBP2twNKNzVZr00ewtQKQEXoGLpHUMP87tVN4tr9vYgbe4GANAfARegfrYN2q/N3YCO2dP1fhepABsAlRJwASpn26B7VTOLmypDv8ndjsK1uRsAQL8EXIAJsG3QvdrcDehIm7sBhbtIhdcAqJiACzAdbe4GFGr0s7hp9van3O0onOXbABMg4AJMhG2D7tXmbsATtbkbULgPm/Xyc+5GANA/ARdgWtqwbdAuo53FNXt7kDZ3AwAYhoALMCG2DbrXKncDHqnN3YDCvU/XPQATIOACTI9tg3Z7PpsvmtyNOIbZ2wddhwEdgEkRcAEmxrZB92pzN+BIbe4GFO4sXe8ATISACzBBtg3aazSzuGZvH3S1WS/b3I0AYFgCLsB0tbkbUKg2dwMO1OZuQOHa3A0AYHgCLsBE2TZor+Jncc3ePugqrVIAYGIEXIBpa8O2Qbu0uRvwgDZ3AwrX5G4AAHkIuAATZtugvYqdxTV7+6CLtDoBgAkScAE4C7O4u7S5G7BHm7sBhWtzNwCAfARcgIlL26ic5m5HgYqbxZ3NFz9GxNvc7SjYB7O3ANMm4AJws23Ql9ztKNBZCpWlOI2IZ7kbUbA2dwMAyEvABeCGWdzvPYtCvi4paBfRlkL9lt4pB2DCBFwAIuLrtkGfcrejQKeFzOKavd3vOszeAhACLgDfMkP4veyzuGZvH3SW3iUHYOIEXAC+Sks83+duR4Fyz+Kavd3vOmx1BUAi4AJwl22DvpdtFtfs7YNOzd4CcEPABeAbtg3aK9csrtnb/a5SBXAAiAgBF4AdbBu00+CzuGZvH+RrA8A3BFwA9hEevjf0LK7Z2/0uNuvlx9yNAKAsAi4AO9k2aKfBZnHN3j6ozd0AAMoj4AJwHwHre6ez+eLFEOcJs7f7XKQBGAD4hoALwF62DdrpWfQ8e2j29kFN7gYAUCYBF4CH2Dboez/1PItr9na/D2ngBQC+I+ACcC/bBu3V9vjZTY+fPWbX4d1bAO4h4ALwINsG7dTLLO5svmgi4nnXn1uJM7O3ANxHwAXgUGZxv9eO5DNrcB3b5fIAsJeAC8BBbBu0U6ezuGZv79Wm5fIAsJeAC8AxzOJ+r+3ws37s8LNqcrVZL83eAvAgAReAg6X3H3/L3Y7CdDmL+7Gjz6lNm7sBAIyDgAvAsdqwbdBt110VPkqfc9HFZ1XkSypyBgAPEnABOEp6D7LN3Y6CdD3ruur488bOsngADibgAnC09D7kVe52FKLrgGuZ8t8uUnEzADiIgAvAYzW5G1CA68162WkgTTPkH7r8zBEzewvAUQRcAB4lzaxN/X3R854+1yxuxIfNevk5dyMAGBcBF4CnaHI3ILNegmiaFZ76EvA2dwMAGB8BF4BHs21QrzOtU57Ffd9VZWoApkXABeCp2pjmtkGf0vuyfTnr8bNLdh3T/bcD8EQCLgBPMuFtg3qdYU0zmF/6PEehznoeOACgYgIuAE820W2DhlhCPLWZzKuY3r8ZgA4JuAB0pcndgAH1vTz5xtTew23N3gLwFAIuAJ2Y2LZB50OcJIW9T0OcqwBXm/VylbsRAIybgAtAl5rcDRjIkDOrqwHPlVOTuwEAjJ+AC0BnJrJt0Jcht7BJe+LWXqX6Iq0AAIAnEXAB6FobdQey1UTOOaQ2dwMAqIOAC0CnJrBtUI7CT6sM5xzKB7O3AHRFwAWgcxVvGzTo8uQbm/Xyc9S7J26buwEA1EPABaAvTe4G9CDntj2rjOfuy4ccAwYA1EvABaAXlW4blDPg1rYn7nVEnOZuBAB1EXAB6FNNAeYqLRXOIs101rQn7ll6XxsAOiPgAtCbFAg/5G5HR0qYQS2hDV24joiz3I0AoD4CLgB9O406tg1a5W7AZr1cRR1fy1OztwD0QcAFoFcpyIx9ti7r8uQ7xj6Le5WCOgB0TsAFoHeb9bKNcW8bVFKoHPtgQU3vZQNQGAEXgKGMOdic527AjTSTPNbBgovNelnSYAEAlRFwARhECjZj3DbousBQNtZZ3DZ3AwCom4ALwJDGOItbWriNKLNND7lIeyMDQG8EXAAGM9Jtg4oLk2lP3LHNhje5GwBA/QRcAIY2pm2DSlyefGOVuwFH+JBCOQD06ofcDQAo0IvZfHGSuxGV+Xyz7+lmvfxzNl+cRcS7zG06RKnhNmLbtrOIeJa7IQ+4jvTurZ+rXvyYuwEAJRFwAb73U/pFd/4VtyoRb9bLdjZfNBHxPFeDDnSeuwH7pIGCj1H+tXp2a/b2j5wNAaB+ligDkMsYCk6VPIMbUf4y5esYb8VnAEZIwAUgixFsG/TpZll1qVJV4pL3xG1L/xoCUBcBF4CcSp7FLX329sYqdwP2uNqsl2ZvARiUgAtANoVvGyTgPk2buwEATI+AC0BuJW4bVPzy5BupgNOX3O2448tmvVzlbgQA0yPgApBVCpKlLWU9z92AI5X29St56TkAFRNwAchus162UVaxpLEsT75RUnsvUvErABicfXCBydmslye521Cb2XxxHhGvn/gxpxHxv09vzZN9ubVv6yikPXE/RBl74j5l9vZfwjEAT2EGF4AiFLRt0Cp3Ax6phFncD6lwGABkIeACUJI2dwOijKB4tDRAkHuZd5v5/ABMnIALQDHS8tSc2waNbnnyHTnD+fuRf+0AqICAC0Bp2si3bdAq03m7ssp03usor5IzABMk4AJQlDQLmCssnWc6byfS+6859sQ9G8u+wQDUTcAFoERnMfz7pFeVFEhaDXy+qzB7C0AhBFwAipNmA9uBTzvK4lI7rAY+X2v2FoBSCLgAFGmzXq5i2G2DVgOeqzcpbH4a6HRX6fsEAEUQcAEoWTvQeWpZnnxjNdB5moHOAwAHEXABKNaA2wbVsjw5Ir7uidt3JeqL9P0BgGIIuACUro3+w1pVATdZ9fz5bc+fDwBHE3ABKNoA2wZdVzoTuerxsz9U+jUDYOQEXADGoM9tg2qcvb3ZE7evr1nb0+cCwJMIuAAUr+dtg6oMuEkfM98f0qw6ABRHwAVgFHraNug6FWSqVdf/tuuIOO34MwGgMwIuAGPSdvx5NYfbm/eXu9wT9yzNpgNAkQRcAEajh22Dqg64SVf/xuvot9gXADyZgAvA2LTR3bZB5x19TrHS0u4unJq9BaB0Ai4Ao9LltkEC28GuOgzKANAbAReAMepz2yC+p7AUAKMg4AIwOj1vG8S3LiqvNA1ARQRcAEYpLZn9krsdE9DmbgAAHErABWDMLJ3t10WqXA0AoyDgAjBaKXx1uc8r32pyNwAAjiHgAjB2ZnH78SFVrAaA0RBwARi1FMLe525HZa7Du7cAjJCAC0ANzmIbyujGmdlbAMZIwAVg9NK2QZYqd+M6tgMGADA6Ai4AVbBtUGfaNGAAAKMj4AJQE7O4T3O1WS/N3gIwWgIuANWwbdCTtbkbAABPIeACUBuzuI/zJS3zBoDREnABqMox2wbN5osf+21NfrP54sWBhxoYAGD0BFwAanTotkFtz+0oweqAYy7S8m4AGDUBF4DqHLFt0C9HzHCOzmy+OImI1wccavYWgCoIuABU6Yhtg1b9tiSr9oBjPmzWy899NwQAhiDgAlCzQ2YmX6eZzqrM5osmDpu9bfttCQAMR8AFoFpHbBu06rclWbQHHPM+FeUCgCoIuADU7pBZ3Oez+aKa91DT7O3zBw67jm0xLgCohoALQNWO2DaorWHboPRvOCS4nqViXABQDQEXgCk4ZNugZ1HH+6insf233OcqzN4CUCEBF4DqpZnK9oBDR71tUJq9PWSpdWv2FoAaCbgATMJmvTyL7czlQ1Y9N6VPZ3HA7G3aQgkAqiPgAjAlzQHHjHLboDTz/NMBhzb9tgQA8hFwAZiMtG3QxQGHjvH91PaAYy7S1wAAqiTgAjA1zQHHvExb7YxCmnE+ZPa27bclAJCXgAvApKRtg3474NCzEW0b1B5wzCeztwDUTsAFYIraOGzboEMqEmeVZm9fH3Bo8f8WAHgqAReAyTli26B3I9g2aHXAMR/SzDUAVE3ABWCSjtg2qNiCU+k94ecPHHYdZm8BmAgBF4Apaw445k2J2wal94PbAw49SzPWAFA9AReAyRr5tkGncdjsbYltB4BeCLgATF1zwDFFbRuUZm8PWXZ8avYWgCkRcAGYtJFuG3Qa2yrP97narJerAdoCAMUQcAFgRNsGparO7w44tO23JQBQHgEXgMkb2bZB7QHHXJi9BWCKBFwAiHFsGzSbL15FxE8HHNr23BQAKJKACwB/aw44Jue2QYeE64tUHRoAJkfABYCk5G2DUqh+fcChTb8tAYByCbgA8K3mgGNe9t2IHU4OOOZDqgoNAJMk4ALALUdsG1Sa6/DuLQATJ+ACwPc+5m7AI3w2ewvA1Am4AAAAVEHABQAAoAoCLgAAAFUQcAEAAKiCgAsAAEAVBFwAAACqIOACAABQBQEXAACAKgi4AAAAVEHABQAAoAoCLgAAAFUQcAEAAKiCgAsAAEAVBFwAAACqIOACAABQBQEXAACAKgi4AAAAVEHABQAAoAoCLgAAAFUQcAEAAKiCgAsAAEAVBFwAAACqIOACAABQBQEXAACAKgi4AAAAVEHABQAAoAoCLgAAAFUQcAEAAKiCgAsAAEAVBFwAAACqIOACAABQBQEXAACAKgi4AAAAVEHABQAAoAoCLgAAAFUQcAEAAKiCgAsAAEAVBFwAAACqIOACAABQBQEXAACAKgi4AAAAVEHABQAAoAoCLgAAAFUQcAEAAKiCgAsAAEAVBFwAAACqIOACAABQBQEXAACAKgi4AAAAVEHABQAAoAoCLgAAAFUQcAEAAKiCgAsAAEAVBFwAAACqIOACAABQBQEXAACAKgi4AAAAVEHABQAAoAoCLgAAAFUQcAEAAKiCgAsAAEAVBFwAAACqIOACAABQBQEXAACAKgi4AAAAVEHABQAAoAoCLgAAAFUQcAEAAKiCgAsAAEAVBFwAAACqIOACAABQBQEXAACAKgi4AAAAVEHABQAAoAoCLgAAAFUQcAEAAKiCgAsAAEAVBFwAAACqIOACAABQBQEXAACAKgi4AAAAVEHABQAAoAoCLgAAAFUQcAEAAKiCgAsAAEAVBFwAAACqIOACAABQBQEXAACAKgi4AAAAVEHABQAAoAoCLgAAAFUQcAEAAKiCgAsAAEAVBFwAAACqIOACAABQBQEXAACAKgi4AAAAVEHABQAAoAo/5G4AAJPwajZf5G7DMV7lbsAj/DibL05yNwIAchJwARjCr7kbMAEvI+KP3I0AgJwsUQYAAKAKAi4AAABVEHABAACogoALAABAFQRcAAAAqiDgAgAAUAXbBAHQhc+5GzABlxFxkbsRPfszdwMAGLd//PXXX7nbAAAAAE9miTIAAABVEHABAACogoALAABAFQRcAAAAqiDgAgAAUAUBFwAAgCoIuAAAAFRBwAUAAKAKAi4AAABVEHABAACogoALAABAFQRcAAAAqiDgAgAAUAUBFwAAgCoIuAAAAFRBwAUAAKAKAi4AAABVEHABAACogoALAABAFQRcAAAAqiDgAgAAUAUBFwAAgCoIuAAAAFRBwAUAAKAKAi4AAABVEHABAACogoALAABAFQRcAAAAqiDgAgAAUAUBFwAAgCoIuAAAAFRBwAUAAKAKAi4AAABVEHABAACogoALAABAFQRcAAAAqiDgAgAAUAUBFwAAgCoIuAAAAFRBwAUAAKAKAi4AAABVEHABAACogoALAABAFQRcAAAAqiDgAgAAUAUBFwAAgCoIuAAAAFRBwAUAAKAKAi4AAABVEHABAACogoALAABAFQRcAAAAqiDgAgAAUAUBFwAAgCoIuAAAAFRBwAUAAKAKAi4AAABVEHABAACogoALAABAFQRcAAAAqiDgAgAAUAUBFwAAgCoIuAAAAFRBwAUAAKAKAi4AAABVEHABAACogoALAABAFQRcAAAAqiDgAgAAUAUBFwAAgCoIuAAAAFRBwAUAAKAKAi4AAABVEHABAACogoALAABAFQRcAAAAqiDgAgAAUAUBFwAAgCoIuAAAAFRBwAUAAKAKAi4AAABVEHABAACogoALAABAFQRcAAAAqiDgAgAAUAUBFwAAgCoIuAAAAFThh9wNAKB7s/nibUS8OuDQz5v18mPf7QEA7qfv7sY//vrrr9xtAKBjs/niz4h4dsCh1xHxYrNe/tlzkwCAe8zmi8uIeH7Aofrue/wwmy9eRESTuR1D6XS0YzZftF191kicb9bL8xwnPmJEa6wu069vfm+zXt79PXjQbL5o4rBwG+m4txGx6qs9HGc2X/wYEae52zGgPyPi853f++zBrRwTe1aMcE2SQeq7Dwm3Efrue/2wWS8v043rp9yN6dl1RJx0/JmXEfF7x59Zqg+5wm1yGRH/m/H8Wczmi9v/eZH+9zL9uumA/9ysl3c7YqatOfL4NnSSxdisl3/O5otXEfEmd1tyunX/+xLb+93lnV8Cx0DSs+JJRLzO3ZacXJP0rDny+Db03Tv946+//roZLT6PiJeZ29On/+ljrfpsvlhF/YMDHzbrZZO7ERP5Wj/FTYd7Htvg+9kM8PSkAcv/e8Rf/VfmQSxuSf3yZRw+Ez9V15Hud/H3fc+AXw/SveVzuCYf4prkaPrubn19Bzd1pp/j8KnxMXm/WS/bvj58Nl98jnoHB37brJdFLJXzwPco17ENvOexXWKuk63cEwaCPm3Wy7cdN4cnSK9mTG7lSkcu4u/73nneptTDNfloN6H3PCI+6ou5azZfnEXEL4/4q/ruHb4pMpWWRJ1HXQGi9298xYMDP2/Wy1XuRtyW3nt+l7sdI3YdER/j707WUqqKdDAI9N9m/cvyhIce/nYz0Pcx3PeebDZffIyJL5/vgL6Yr/Td3ftmH9w0olTTKMCXGKAoQroxvY3tDasWxYXbiIg0E3+Vux0j9iy2s3u/R8T/m80XH9OIPHV4G08boCxitQbfaMM976mexTaQ3b7vNXmbNGpNuCafSl/Mbfruju3cJijd+MdePOk6Ik6GXAZS0dftbclLulKhiz9yt6MyV7EtVHBmJHm8jtheYB/bDhQora76T+52VOg6/r7vXeZtyrjoh3tzHRFnEbFyTU5HB6866rvv2LsPbgXLonopKvWQkS+hHXxQ4LFm88V5lFXN8V8P/PnJnf/+Mf7e9qikf8dN5yrojkyHD5xFrt6YuoL7lu8KnKRiKS/Sf76Kv+93P0ZZ97vbPkREK1QcruDnRNcko9HhAKa++5a9ATdi1FVrey0q9ZCRvp8ymnAb8aRqc73YrJf/eMrfv9X5nqRfuTvc69iG3DZzOzhQh/frq816+aKDz6FjhRY0PLqCZ3qgexV/3+9Kql8hVBzBNTkI12TF9N39eCjgjnH7oOzVxEb4dfsS23A7qhm7kkaPnxpwd0nv49z8ylX47SoimpKXrPP1nvP/OvxI2w4UqNBtWp58raR/19vYvttZSr/5PqxkeVChy+drvCYNOleoh747y+rVEv3XfX+YbuwnMZ5iAoMUlXrIyIpOjTLcJm2M42v8KJv18uNmvWw26+WPEfFzbLe9GNrziPgjLY+kXF0XmFCwokBpBqfN3IzObdbLy816ebZZL19FxH9HxG+R/97+LiI+p6X/7JFWfb3P3Y6uFXhNPouId7P54nMaVKAOTcefp+9O7g24EaMKa9exnWkqIqilB5HSK+J9ivGG25trs83djiFs1svVZr08ie27vl8yNOFdqvL4Y4Zz87Cm4897k2YwKMxmvTyL7b27SilYnMb2lY2fI++zhwG+A6RZxRwDsIO4c02+j7zX5MuI+I9rshpdB9LX+u6tBwNuxNcRupN+m/JkTWnvj6YlMv/O3Y49PmzWy7djDbc30sNejsCXxWa9PE8jyv+O4TvZNxFxLuSWJS1l7+N9MSPB5Wqi/EHnJ9msl3+mgikvIv8M4bvZfOHed78mpnFNtlHONWnQecTS6pA++u62h88cnYMCbsTXkPtzj215ivelrjlPAexD7nbc8WGzXja5G9GhyT2Ip+vqJIYP9y9DyC1N09fn+j6XKQ1MNrnbMYRboeK/I+8s4evY3vteZGxDsdKqtUn0xbeuyX9G3gF2g87j1tfPy1vXxBEBN2K7TDLyj1rd9an0l+5TmCxllvHnysLtzUx5tUv29rm1smLof/vL2BZRI7P0sN1XxfZnUf5rFpOVBnV/y92OoaRloieR9xnkZWzfy/UO5A7pGXEyffFmvfycVlTl/Dk06DxCA/TdTU+fPRpHBdyIr+9alDIjWURRqQOdRP7lOzXvkTWJkeO70kjy2xj+Z/JlqmJNXn1f923Pn8/TtDGeIpCdSM8gOVeTPQszufdpIv+zzqDS+7k5r0khd3yanj9/ks/Etx0dcCOKmZEsqqjUQ25VpM5x47+OusPtzfKo0lYXDCb9TA49cv6LCqPZNT1//nPf43JNaanybakv+2fkC1LPIsL7jzvcKkw6KemaFHI5VN8B9HmqzzFZjwq4yUnkDbnFFZV6SGrv0KMq17GtlLwa+Lw5nMXERo7vaGL4n8mVDjWP2XzRxDD7oU5+JLhk6RWNyQ3upf405wPcy4hYZTx/sdI1OZnl8zcKCblWVhVO3z2MRwfcWyPHOQJFsUWlHpJugEPd+G/C7agGAh4rXZOT/YHONJvzPCb8Nc+sGeg8tgwqXFq2m3tV1eBSkMoZKN7M5gv3v93amOY1uYq8u2f8lAIU5WoGOs+ktwx6ygxuru2Dii8q9ZD0vkbfy0m/RMSrqYTbG6lzqXY/voek7/fQszmnZnGHlYrcvB7wlB7iy9fEBFewDDxovMuvU36I3Geqy+cjitir+sw1Wab0fRmy724HPFdRnhRwIwbfPmhMRaUe0kR/o5s3M7eXPX1+6drcDcjsLIYtPKNi3/CGDpy2DCpc6ovb3O3IpI28xbZWGc9drEwDrqVoIt81+SwsVS5VO/D5Jrtl0JMDbsRg2wddR8TbsRSVekjPS7zbWr5Oj5GWrZVS6Xtw6XvfDnzaZuDzTVbqrIZ+99CWQSOQZo4mt4KlgNnC14qx7ZZW3E31msy58uWNa7IsGfvuZuBzFqGTgBsxyPZBTW0zkml0s+slxF/SQ87UrXI3IKc06DTkcsWX9oYczNsYpkDFXW2Gc3K8SQ5EFLAfun53vyZ3A3JItWJyhvs247n5Xq6+e5KvGHUWcJPT6O+hurpvUBpd63otftPx5zFeq4HPdzLw+aaqzXReWwaNwJRX70Te54SXfj52q21y4khtxnO/NvBclFz3p0luGdRpwO15ScbrCr9Bq44/77epFZXiXquBz1fbz2dx0gP084xNaDOeG+6VglTOWdzqBuJ5mrSyIOcsrmuyAKnvfpmxCZO7Drqewb1ZGtlX8aSzWl6Wns0XbXT7oHodHj65JQ12DFnkwkhx/5rM55/0tgOMQs6lwm9qeUahUzmvyckWGSpMk/n8k+u7Ow+4SV8jBVXsuZluNl3/O04nvjSN3c4HPNezqd1Ah5TuGz/lbkcYSKNgacYsZ0VlK1n4RnoXN9cWXs/C60NZ6bvz6CXg9lzF9l0FD9Fn0e2L5hdp5hzuOh/4fC8GPt+UlDK4Z0aA0n3MeG4Bl11ck9PV5G5AMqm+u68Z3Ih+C06tevrc3qV1+F2P5DQdfx71OB/4fJO5eWbQ5G5AMtltBxiNnGHiJOO5KZdrcrpKGZyeVN/dW8DteS/OMRecajv+vPcTr1DIPTJcG97D7UG63+UsLnVXKR02fCetIsvlmcq17HCe8dzPK1j5OEr67nz6nMG92XRewalkNl800e22QFdh7z0e1tfPIMMprVOa5LYDjErOyrUCLt9Ik3eifqoAACAASURBVD45++IXGc89ZU3uBtwxmb6714CbKDgVX18y7zqMNgpLcQDXyIilkfeu98vuwmjuv0zSecZzv8h4bsp1nvHcJxnPPUmp736Tux07TKLv7j3gKjj1VRvdFpb6lHkZFuNxmbsBPMkxndGQ1WMnt+0Ao5JzT3gzuOxymfHco1rxWInmiGP13R0bYgY3YuIFp9KF9EuHH3kdExmBoROXuRvAkzQHHncRw98P24HPB4fKuXJFmGAXgy7Tcuhz+kUM/7phO/D5BjdIwFVwqvOHzjOFpSiU5dAdSu/tH7ryYxXDd5KT2naA8bDCiQLpHyfiEX33qq+27FF93z3UDO5kC06l8N3l+3NfNutl2+HnQZdyjlDX6NAR4KvNerlKg4l9vRKyy6S2HYADmS3jO5v1Uv84Hc2Bx11n7LurXgk6WMBNplhwqusZlVL/nRBhhLozaauRlwcevtrz/4fgngTf6rLeBjAiRxaGXN36/0OvwGoGPt+gBg24Uys4NZsv2uh2/6sPll1RMiPUnTomOK5u/k+6Rwy5HcVkth1gdHJuFQRMU3vEsV9DbXp+GrrvbgY836CGnsGNmEjBqRS2u5zZUFiK0nmY7Eh65eLQ0Phpxzv5Q48EuzcBPMy+9BU7su++KKDvbgY+32AGD7gTKjjVRrfLlFp73vJIJwOd5+NA55mCJo4rUHHXx+hvIHGXSWw7AAcy2Mc+nuPq9jae0Hdv1stVDN93V1kzIMcMbvUFp2bzxUlE/NThR16krxk8xlA/D+cDnWcKjiku9d3AQhoMW3Xaooe1A58PAEpyaN99ncLsLvt+vy9VrsDKEnCTmgtOKSxFSQ4tVPQUX7x/2400QHbou/ure/7MlkGQx2XuBlCsLnfVOMZ5pvNORuq7H1MY8q6h++6fauy7swXcWgtOpRe2uwwUvwkOPFa64Q7BCoPuNEccu9r3B+ndniGXStoyiNLkChP6bEpzmbsBE9AccezeZ6YMfXdEhRNpOWdwIyorOJVGQLp80L8Oy/54miHeSb8O7992Ig3MHfp6w67iUnetntKeR6iuk4RHEHApjWuyR+n5/9C+e1dxqbsUm3qirAE3vSfW1zcxR8GpNrotLNUoLMUTDfEzcOY67UxzxLGrhw5I7/hcPbItj2HLIIqQs3CK7fzYZcAVVXddWwnYu0dt67dPqq0xdN/dDHi+3uWewY3NetlGf9/EwQpOpc70lw4/8mJX8Rg41JHvcj7WVfoZphvNgcftLC61x+pxTXk0s7iU4EWm837KdF7K9yLTeT1L9q858Lj7ikvddehxXWkGPl+vsgfcpOnpc4csONX1THTT8ecxPU0l55iENPPZRXGppxzbBVsGUYJcM7jCBPu4JivUY9899DLlqrYMKiLgpuU8fY169l5wKl3cXRazeH/A+nzY68h3OR/rN0vxOtXpEqcb6V7SV0G/fdqBzwd3nWQ4p3oE3OckwzmvrQbsXXPEsQeH1vTq19B9dzUrsIoIuMkoC071UFjqquPPY5r6voa+hBDTmTQgcegg2SHFpe5aHXn8U9kyiGzStZejgvJH9QjYJd3jh9iy7y7Pkz1K39c3Bx5+SHGpu1ZHHv9U1WwZVEzATd/0MRacOo1u33NUWIonSe/eHnrDfYzriHjrOu1UL7O3N9JM+5AFK2wZRE65Cp21mc5L+XJck9ch4PZtiL77y7F/74mqmMUtJuBGjK/gVBq56fJC+GTJJ0+RrvFVj6e4jogTS+g71xx43DHFpe5qH/n3HquKTpJRyhEmPrgvco8mwzntcNC/5sDjro4oLnWXLYMeoaiAmzQ9fW4fBafOorttga7DAyFPt4r+KiffhFvbDXQoleY/9D6yesKpPkZ/r4HsUt22A5TvyCWDXdF/s1cq3DP08mSztz3Td5etuIA7loJTPSwDbY3+8hSz+WIV/T3YCbf96XWJ0400kj90sZFm4PNBm+OcZsq4R47Bj1PXZO+aI45dPfYk6fv46L//SM3A5+tccQE3GUPBqS5Hxr5s1ksjbTxaGm3rq2ryVQi3vThyZP8xxaXuap/4949V1bYDlG2g6vF3Xei/2SfTNfnpCcthOUDq1/osDHmXLYOOVGTALb3g1Gy+OI1ul5tY2sSjzeaLs4j4vaePv4iIV8JtbwaZvb2R7q0XT/2cI7m/MZShHwKvo4KZDnq1Gvh8rslh6LsLV2TAjSi34FT6e22HbfmgsBSPMZsvfkzLkn/p6RTvN+vliWVO/Uj3kkMH255SXOquVUefc6hqth2gXANUj9+l8WoR+6TJlKG3q9Jn9yxj3z30AN6o++5iA27S9PS5Tyk41YbCUmSWlo6cRz9Ln64i4l9pkIn+NDFMgYpvpKVrQ24ZFOE+R48GqB6/y787fHClMpmuyZ+tthrE28jTd38MfffBig64pRWcSqGiy9kyRQA42my+aCPiP9FPVcbfYrsk+byHz+Zbgy5x6vnzHtIMfD6mZRX9VY/f5YP3bnnAx+huMuQQ7713O5j2iGNXHZ+76897SDPw+TpTdMBNSio41WWHduFmxDFm88Xb2XxxGRHvevj4i4j452a9NOgygLSc8tAH8i4KVNy16vjzHlLFtgOUJw34Dbk0+cNmvWwGPB8jk14dGnJp8gcrroZRQN899MDaaPvu4gNuKQWn0je4yxvWaKf9GdZsvmhm88V5RPxvdD9LcRXbZU2qJA8r5+ztzX31Q9ef+4Bm4PNRudQv9zHgt49wy7163tFgF9fksJojjl11ffI0AaHvPkDxATcif8GpHgpL/SZMcJ/ZfPFiNl+0acb29+h+NPg6tkuaXlhJMKz0asShM05dFqi4a9XT5+4z+m0HKEcKEn1Vj9/lN0GC+2S4Jn92TQ4nZYFDBy/03ZmNIuAmTU+fe0jBqdPobubsKvJsRE/hUqg9nc0XnyPi/2I7M9HHjO37iHhhSVM2zRHHrnpqw02NAwUrGJ20Vd/QQcK1y15pqfxQ1+R1bK/J1UDnYyvryqsbqe/+0tfn7zG6+98PuRtwqM16eT6bLy6in/ca3s3mi9WutfJptqXLJVDecSQivhYtexURJ+lXn0VSriKi1SEWoTni2FVPbbjRxrBB4afZfOEeyKOl9xuHWgJ6HdttV6y4Yqc0q3cWw12TVxHx1jWZRXPEsaue2nDjLIbvu9sxbYs2moCbNLGd2erDKrYh466uC0vZVmAiUsd3s6zjRfr1KiJ+jOEKUHyKiDNVkcuQlrDlLFBx18fY3uOGrPZ5GlaxcKQ02Pwx+qkev8tFbIOEwRh2SoPUqxjumvwU272XXZMDS/V6pt53NzGivntUAXezXl7O5ov30U9Ridez+eLt7QDaw8bxTYefRUFm88Vfudtwy3VsO92zMY22TURzxLGrntrw1Wa9/HM2X3yMYYuiNDGiTpL80pLkNoZ5mLuO7WoX2wCxV1qSPFSBs+vYrv5bDXQ+vtccceyqpzZ8lfruVXS7delDRjU4PaZ3cG+cxXAFp1YdfvZ7YYMBfIntrMOp660saQbq0Jn7PgtU3NUOdJ4bo912gGHN5ouTVJPg1xgm3F7Edh9w4Zadbl2TQ4Xbm2tyNdD5uKOgwpB3DX2fejamvntUM7gRX0ctTmO7ZUrXbgpOtekcnRWWUtCHgbyMiD9m80XEtmM8j4iP3tcpQhEFKu5KK2P6qm+wTxPDV4JkJNIDZRvDvmtrhoy90oq+Noa7T17F9pr0Wlt++u6/ncZI+u4xzuBG+oG/6Onj36X3KtoOP7Pp8LPgUK9jO8r8n9l88edsvlilPXXv3RaL7qWveXPEX1n105JizjfKbQfoV5od+xjbWhtDhdubqvKrgc7HiKRr8jwi/ohhgsR1bK/JV8JtMZojjl311IZ9hp7FfZkGe4o3uhncW5ror+DUfzr8rE8K/FCAZ7F9YPwpIn6fzRefYjuzu8raqul4G4cvsRyiQMU3NuvlKr1T1mcl77tOw+Df5KXZ2rfR7XZ8h/gQ23dtLwc8JyOQ+ZpUZb4gaUluyX33x9l8cRXDXqdNbFcHFm20AbfnglNduY4R7h3Fo7y/89+3KyjfGHIZyUPeRMSb2XxxFqkan2XMvTrmPpDr/b9VDHs/tWXQRN0KEG9j+PuiYMt30oqSk9g+vA9VFTli+5z4MVyTpSpyefKO8w7ddxd/vY424CZnsb0ZDTlycYziLwC6ccw71re2D7r53xfpf4fsVG98ndmdzRdfYht0VxnaUa304HTo9/Yq44qPVQw/YDiqqow8TlrSdnvf76H77OvYPi/s3O+e6bl1Td78b65r8swgX5ke0XfnWlJ+FsP33U0U3nePOuD2XHDqqb6oxMguqTM7T//5zQ3x1ijyqzhuWWsXXsZ2+fJZ6Hi7NIbZ25tVMR/ClkEc51Uqahfx917ytwfvcg5AG7Sbpl3X5Itbv3JekxexHWhZZWwDhxnD7O1NFhq67y5+cHrUATfi6/rzoauIHcLSZI6Wlgl/XSqcAm8T27A7VKf8LLajgac3YVfQfZw0W39Mp7PqqSnHnH/ITvL5bL5oPOyN2q+5G7DHP712MVmuSZ4k9d1vj/grq56acsz5h+y7n5Xed4+yivIOTe4G3PGbwlJ0YbNefk572r6IiH/G9v2x64FOfxN0L9NKCY7XHHHsh9wDCem+1dc+4/s0A5+PaWhzNwDuaHI3gIM1UXBxqbtS3/1l4NMW/VxYRcBNF9bdIj+5XIeOlR6ksNvEdonV+xg26P46my8+j6U8fEFGscTpjnbg89kyiD68mc0Xx8zAQN9+0YeOxhj7blsG3VJFwE3OYviZh11UBaVXm/Xyz1TU6kUMG3RfRsQfs/nizF66D0s3/kOXlecsLnXXxxjumrpR9Egwo+VeRWlWuRvA/R7Rd5eyX3GOvrsZ+HwHqybgplCZ+yHpouT16NTlVtB9FdvCFUP5JSI+m3V70CiKS92V7qVDd9g/pa1joEvPw4oqyvI87TlOuZojjl311Iaj6bu/VU3AjdgWnIphH/TvOs94biZqs15ebtbLk4j494CnfR4R/0mboHNHuuG/OeKvrPppyaPlCNxNhnNSP8tCKc07A8RlSn33mApD3tVmOGeT4ZwPqirgJk3uBkAOaVuqf8awS1R+n80XqwHPNxbNEcdmLy51V6r0OfRgYe4VODzOl9heKxexfWXi5te/bn5t1st/RMSnbC0s7yGUfh16TeacEFllPDf7NUccm7241F2pPfruqGCboLvSXo7vY/hNjyG7zXp5UwhqFYdvUP5UN0tU3pYW1DJqjjh21VMbnmoVw26/Vvy2A+x0euD7401st0DLsQfp89l80aZXOqjfodfk24i4jGH3m7/xcjZfnKaBacrRHHHsqqc2PNUq9N1VzuBGlFNwCgaXZt9OYtiZ3NcRca6gS0Ratj3G4lLfSJ2VYlN0Ig1+NRmbYFko3yjgmmxLfX9xilLV9TEWl/pG6ruHzkDF9d1VBtx002pztwNyST8DJzFsQHkZQm7EcQ9MpY/e23aAzqTBnN8yNmGV8dwUKIWUXNfks3BNlmSMWwPtsxr4fMX13VUG3IivIxg536+ArNJMbjPwaV9G+Tf+3qTR+GOWBq36aUlnVhnO2WQ4JwPZrJensX1HMoeXs/miuJkGsmsj36q/14o15qfv7kST4Zx7VRtwEx0Zk5ZpdPrNbL4ofWayL+0RxxZXXOquVLBi6OJAxW47QGeajOe2LJRvFLBU2X7N+R2TF4orLnVXat+HgU9bVN9ddcBNM1hDf4OhNG0MPzr9S3qfZTLSA8ox/+ZVT03pmi2D6FTqm99nOr1loXwn8/J512R+zRHHjmUAf5XhnE2Gc+5UdcBNLnM3AHLKODq9mtio9Ns4vBpnscWl7krtnHzBCrqVKhrnWqpsWSi7tJFvqfKbqQ0KlyLdC/Td3Sim755CwIXJSze6od9Jn9qo9DE39rGMAN8Yur3PBJBJaDKe27JQvmGp8mTV3He3A5+vmL5bwIXpaDOc801plfX6kP6Nx+w7vOqnJb1ZhS2D6JilypQm81Ll52EHkEGlrcNq7rs/xvB9dzvw+Xb6IXcDgGFs1svz2XxxFYfv89aVVUS8GPicQ2uOOPYiIl7N5ouemtKbzzHs5vEvZ/PFyViWg/E4m/WyTUszj3nI7Mqb2XzxttT9LMmmje0rJ0P3lRHb+hUf3fcGc8xAqr77MM9L6LsFXJiWs4j4deBzPp/NF03auqs6aUnZT0f8ldcR8UdPzalNExHnmdtA/5qI+E+mc5/N5ovz0iuaM5zNevlnWmaZ6z69ivoHhbN7RGFIfffhTiNz322JMkzLKtN520znHUKTuwEVK2rbAfqReamyZaF8J/dS5dl80WY695Q0cXhxKY7zJnffLeDChKRZiqGLTUWkJSsZzjsE74r2q8ndAAZxFvkq2P5S8f2Jx2sj3zX5Lr0fSn/03f3K+vUVcGF6cr1v1mQ6b2/Su4M53tOaEg8hE1BABdtVxnNToHRN5rz/rDKeu2ppQEvf3a8mZ1VwARem53Om89a4x1+TuwETUMy2A/TLslBKkwqQfcp0+peuyd4YOO3fs8j43CfgwsRkrGz3rKaN7NP7JW9yt2MiPIxMRxvDb2txw7JQdmki3zV5mvtdxtrouwfV5jqxgAvTlOM93IiIk0zn7UOTuwET8tI7ktNgqTKlSddkm+n09mvuXpO7AROSrf6KgAvTdJnpvDXNjphVHFaTuwEMIy0LzTUI93I2X/jZ5hub9fIs8l2Tr12TnWpyN2Bisly7Ai5M02Wm8w652Xhv0juhthcYli2DpqWJfMtCW9caO+QMmW3Ogj21SH234lLDyrJl0A9DnxAowmWuE8/mi1dp38sxa4449lNst0CpzWkM/x5TE/YsnYTNenk5my/OIuJdhtPfLAs9yXBuCrVZLz/P5ov3kfearKaORSbNEcfW2nc3EfHTwOc8jYEHiARcmKbLjOce9Sh0Gok8Zib6LGNhr97M5ovLGD7gnoaAOxmb9bJNheleZjj969l80WzWy1WGc1Ous9gGhByzgG9m88XbtISfI+m7t1LfPXTAbWbzRZveZx+EJcrA0E5yN+CJ2iOOvaqxg4zYzrDF8O+k2TJoenIuCz2zLJTbSiiC5pp8tGPuJfrubg2+ZZCAC3Cg9GBxzE26xuVNt60ynFOxlQnJvDeuCrZ8J12TufbGfRZWsRwt9d3NEX9l1U9LipHj2aQd8mQCLkxQrSOTA3gbxxWXWvXUjiKk5ZtXA5/WlkHT00a+glNvatq/m86cRr5r8hf3wKPpu29Jy9yH7rsH3TJIwAU43DGzhx+GfN8ko1WGc5rFnZD0c2SpMsVIyzzbjE2wVPk4x9w/PqXvb+1yzOIOdh8XcIGhjbJTTiOPxxS7WfXTkuLk6CSzbDtAPmm1QK59SJ+HZaHckfbG/ZLp9M/DQN9BZvPFq9B377LKcM7B+m4BFyYoczgY66xmc8Sx1RaouCvNrn3IcGoPd9OT83tuWSi75Lwm36Xwxv2OLS41iSrVtffdAi5M04vcDRiTtBTsmLL6tReXumuV4ZyNJXrTkvbPzlVwKmI6MzscKA1k5ggJN1YZz128R/Tdq56aUqoczyqD9N0CLsDDjh1xXPXRiFKlh7yhl+oNvu0ARWgjX3Gf57P5os10bsqVs+DUS9fkvZojj1/10IZipUHDKrcMEnBhmnIuaxrjEuXmiGM/TaS41F3VbztAfgXsQ2pZKN9I12SbsQmnahLspbjUw1YZztn2fQIBF6bpRcZzf8547qOlLUKeH/FXVj01pWipCNDQsxiDbjtAGdI7crkKTkVM9Gec/TIXnLJf8w6pb9B3P6DWvlvAhWk6yXjuUQXcOL641CQKVOyxynBOxaamqcl47pez+cJ1x105r4nXrsnvKC51uOq2DBJwYWLSy/3HlMzv0tWYlu+mZV9vjvgrq35aMhq2DGIQaSnh+4xNaF133FZAwalW4b0tfffRVhnO2WvfLeDC9JxkPPd5xnM/huJSR0ih41OGU5u5mKazyFfcx7JQdslZcMo1+bfmyONXPbRhNGrsuwVcmJ6clWfPM577MZojjp1qgYq7qt12gLKk1SC5l4U2Gc9PYQooOPUm1Y2YuuaIY/XdW1X13QIuTEi6keTs/Ebzjkt6cH12xF9Z9dOScUnL9K4GPq0tgyYqFUjJWXDqzOAKt2UuOBURsZryNZn6bsWljpSx7276+GABF6blbRwX2rr0YUzv34biUk9hyyCGlHMW17JQdsl9TbYZz59bc8Sx+u5vtRnO2cvPioAL09JmPPcq47mPkva5fH3EX1n11JSxWkWF2w5Qps16+TkifsvYBMtC+UYBBad+meL9MBUt0nc/3sfI03d3fv8UcGEi0hYCxyzb6dJF6vDHQnGpJ0gz9TlGxRWbmq428hX3ibBUme/lLDgVMc2lyvruJ6ip7xZwYQJSJ9dmbELOcx/lEe8pK1CxW5vhnLYMmqgCCk49jxHd5+hfuiZzvK5x43lMaNAv9d3NEX/lQt+9U5vhnK+77rsFXJiGVeR99/Y807kf49j3lFc9tWPU0oNDjuI/k3mg41sFFJya5LJQ9tusl20MX7jntnfplZsp0Hd3IGPf3Xb5YVMIuEP+YE/lJjIGU1uWs1eqKHjMhudduo7xBY72iGMVqLjfKsM5J71lUIZ/+4uBz/eQNvP5V5nPX5wM12RpP/9N5vOvMp9/KMc8a1ynATF2y7Hy4G2X94qqA256aXnIB3uFJsoxtlDVizRym3OJVDOmyslp9sX2Ah1JDxC2DBrW0D/vRb17WkBxn+ez+aLNeP4SrYY+X4HX5KeMTXhZ+zWZ+u6XR/yVVT8tqUMauB/1lkHVBtx0c1tlOHVRN9YpSjOWx1TRq1K6Dj9GvqXJv41wdrM58vhVD22ozSrDOdsM58wuDbD+NPBpn0V5+1vnLu7zLvVDk5dpBVGJWzflviZPK78mmyOPzznwPxarDOfsbHKq2oAb+R7sS+zsJ6OAYkpFSF+H88hXNfnTZr0c1Sx6+podEw4UlzrMKsM5J7dlUMZB3YhtgZBift7TqpE2czN+rzxQPCgVjckVJIpaUZf6ipyh6llUek0+ou9WXOowOa7XzrYMqjLgpo425wxeUZ39xOTcCqcI6aHiPI5brtOlL5H/naPHsL1AD9KDRI4lo1O7B68i32qNiIi2pGI2m/XyLPIW94nYBoo2cxtyWkXea3JVWFX1Uq7JJnMbutYcefyqhzZUJw0Ujrbvri7gpptZm7kZEYV19lOQRvGm9lD7jXTNfY684fZkTO/d3tIccez1CJdf57TKcM7JbBmUBlRzFZK7UeKy0CZ3A2K7XHmVuxFDS8E+96tCRV2TBWxldeP32XxR0xJdxaX6k+M66WTLoOoCbuR95/C2om6sE3EWZXzvs0gPuf+JfF+DTzHScJs6+2Nm/v/0rv3hUpGVLxlOXcLDZK8KGtSNKKyYTQHFfW78NKWQmwZa3+VuR1LUiro0MJpzK6sbv9RwTab7jb67J5v18nPk6bvbp35AVQE3Xei5Zq52Kaqzr1nqUIcurlKE2XzxYjZfnEfErxmb8WGzXr4dabhtIuKXI//a84j4bJXGUXKMBE9hy6BSBnVvvCvs/edSws1Ps/ni4wSux4jyBvd/LexeXdI1ucrdiMdKffexAyn67uONcsugagJuYSOGt01pk+2calpuc5DZfPFjGkD5HPmWgl1HxM+b9bLJdP4nSR3k74/8688j4rykQiaFy3EffBblPEx2rsBB3RvF7CaQ3gF/n7sdyZvY3jOK+Nr0Ia2GKfKazN2AG2lW7Lfc7Uh+ms0Xo7sm9d2DepHhnE/uu//x119/ddSWfNIP5ucot7jQVUS8GuPs1hikm9T/5mzDZr38x1DnStf728i/JPtLbPe5/ZyxDY+WBp7+09HH/TsVteGOW9tV5Xwf77exVfV+SMfXbx+K+ZoX+Iww5loFe6WZ+z9yt+MepV2Tl1HO6ovRXJPp3nce3Xzt3m/Wy7aDz6nO2PvuWmZw2yin49rleZTzjlSNJhEs0lLkNrad4u+Rr2O8jm2n8Grk4fa8w4/8dTZfFDNrVYr0wHsZ+YvNVPG+2Y1bDx4l+6WUGZKCivvceBnbGaQXuRvSlczbVB3ql1KWzxd8TRbdh3UcbiNSEbjS/91Dq6HvHv0Mbgmzd0f4H5VXu5WKR+R89zQi+pvBvTVb+zbyV0mN2BZsOR3zHnLpofJz9DNAMJpR8L6lwZjSXhv5FNtVB6P+/qRloMe+N57DdUS8KOXrnWoV5H5gu+06tveLUQ4U3jabLz5GGX3UQ4paUTebL3LuerBLsSuzep71/hIRb8f8bNOVQvvui9h+fw7+uR11wC1wicdDiursx66k73+XATeNUJ6kX6U8MFxERJuqko5WumbOo98HimoeWh+jkGVN9xn1IMTIBnUjIj5t1ssiZnILXdY9+vuFa/LxCl3WXdw1qe/uX21999gD7lhGDG8r5sY6diXNYjwm4KabyavYvsD/IraBtrQbSxXBNmKwDvK2n6e23156WCutqu8uxc5S3KekQb0jFfOOekn9xi3XsZ2dOM/dkGP1vCKmT8WsqEtLMEvbBaKYsKfv7t+I+u6r2N4rH7wuRxtwS1ma+kjFdPZjlTrV/8vdjluO2dfuVZR/E/kQEasxPnDtk+khopiiJn0rdFnTfYp5gDvUSAd1I7Zf61clLP8rfJBgdA/WBS77PlRJ1+SLKHOQ4Dq2A4FZBwL03f2qte8eZcAt+GZwqGJurGM14k61ZFexLRKyqu3azDxCXsV7n/uMYFnTfYp4gDvEyAd1IyK+bNbLHFtFfafwr+VoQm7hX8dDXGzWy5PcjYgoPmRkuyYz991Hv/c5JrX33WMNuKW9lP8YxXT2Y1PoOytjdR3bG1xVs7W3FfLgMMolsQ8Z0bKmhxQdKioY1L1RzJYc38D28AAAEf1JREFUhT9HFL/Kq9D3mR+jmK/1bL64jHJ3BBn8Hqnv7s8U+u7RbRNU8Mb2x3qZ/i0cb5W7ASN3FdtN5v9ns17+uFkvm4rDbRP5O8iIv7dgOMndkK6k+9cfMf4OMiLi9zQbVapV1PF1fpeCUQlK/n7/OoJtrVa5G9CR1jV5kN+HfGYtsO+upnZOhX13u+sPRjWDW9GI4W3/rG1kqE/ppvd77naMzHVsCzScR8T5VK63gq+VYmYMHmPky5oe8mGzXja5G3FbIbMYXSpmm5YRvNNc3PUYUWyhrqcoZkXdCF6/6v2aLLgqt767XN9dl6MJuBmqqA2lmM6+dIUXBynJVWx/Vj7HhALtbT1sBt+1Ih9cH1LRsqb7fIjtXs/Z78mVDupGFFLAZSRLv4u5HiOqfkWoiOXzBRbQ3KW3/msMfXcU9PN4qCn23WMKuLWNGN5WRGdfugpnMrpwEdvQ//nm19huvF0bQQd5Y1T7sU7s5y/796biQd0bRWzTMpLrOvv1GPH1mvwc5b4n+lT/KuF1nZE873ZePFHf3Y+R3OO68vV7M4qAW/GI4W1F3FhLNZJRzT58iYg/Yxtib/+afJDdZYSz/MVvVVP5sqb7ZH2IGclD7lNcR8SL3PexEYW27A/VI1jS/VRFrKgbUT/W2TU5op/DG/rucn2JiLc/5G7FgU7juH1Gx+g0tiNX7PY26rgGPsc2sN51fuv/X9a2Tc+ATmP7NR6TdjZfnBb8PV+l/63h5+9Yq9jeewaVBvReRf1f8yYisr7Ttlkv/0wFxsawiqqNTO1M1+SPUf81eRLbUJBNuiabGMc1eRrb67KLz7lMv8ZC312us1HM4AIAAMBDRrdNEAAAAOwi4AIAAFAFARcAAIAqCLgAAABUQcAFAACgCgIuAAAAVRBwAQAAqIKACwAAQBUEXAAAAKog4AIAAFAFARcAAIAqCLgAAABUQcAFAACgCgIuAAAAVRBwAQAAqIKACwAAQBUEXAAAAKog4AIAAFAFARcAAIAqCLgAAABUQcAFAACgCgIuAAAAVRBwAQAAqIKACwAAQBUEXAAAAKog4AIAAFAFARcAAIAqCLgAAABUQcAFAACgCgIuAAAAVRBwAQAAqIKACwAAQBUEXAAAAKog4AIAAFAFARcAAIAqCLgAAABUQcAFAACgCgIuAAAAVRBwAQAAqIKACwAAQBUEXAAAAKog4AIAAFAFARcAAIAqCLgAAABUQcAFAACgCgIuAAAAVRBwAQAAqIKACwAAQBUEXAAAAKog4AIAAFAFARcAAIAqCLgAAABUQcAFAACgCgIuAAAAVRBwAQAAqIKACwAAQBUEXAAAAKog4AIAAFAFARcAAIAqCLgAAABUQcAFAACgCgIuAAAAVRBwAQAAqIKACwAAQBUEXAAAAKog4AIAAFAFARcAAIAqCLgAAABUQcAFAACgCgIuAAAAVRBwAQAAqIKACwAAQBUEXAAAAKog4AIAAFAFARcAAIAqCLgAAABUQcAFAACgCgIuAAAAVRBwAQAAqIKACwAAQBUEXAAAAKog4AIAAFAFARcAAIAqCLgAAABUQcAFAACgCj/kbgAAAOQwmy9+jIjTiIjNetnmbQ3QBTO4AABMzmy+aCLiMiLe5W0J0CUzuAAATMZsvjiJiDYiXudtCdAHARcAgOql5chnEfFT7rYA/bFEGQCAqs3mi9PYLkcWbqFyZnABAKhSWo68iojnew65ioh2s16uBmoS0DMBFwCAqszmixexXY78Zs8h17ENtmeDNQoYhIALAEBtPkfEsx2/fx3b4Hu2WS//HLZJwBAEXAAAarMr3H6IiFPBFuom4AIAULMPsV2OfJm7IUD/BFwAAGp0EdsZ28+5GwIMR8AFAKA2/9qsl+e5GwEM7x9//fVX7jYAMGGz+eJVRPyY/vPSMkIA4LEE3ImbzRdnEfFqqPNt1suToc7Vhdl80UREc/f3x/bvuG02X5zv+O3zzXrZdnyendfW2L52fka6NZsv3kbESWy/pq/vOfQ6tlVQzyPi41SWGD7xertMvz5HxOdaBwrSgEgfW7usxrgX6r5+6kB/xvZ6+TO218x5N60qz56+b5Tf88dI+wGf7Pqzrvt/yM0SZR56yJy6F1Hf12fXv+f1bL447/jhppZrq5Z/RzZpP8rT2D6E76psusuz2H7dX0fEu9l8cRXbULOqvALqU663b/5exV+zH6Ofn8nzHj5zCC/iaV+Pr/vEzuaL64j4GNstdGobVNr1NTofuhEZnUXEy11/0EP/D1n9V+4GAMVYzeaLHx8+DA4zmy9+nM0XbUT8X0T8EoeH212eR8SvEXGZZqx42O2v2WnuxjAKzyLip4j4z2y+0CdUIg0y7gy3STNMS2AYAi5w43lEtLkbQR3ScrjPEfGu449+FhG/z+aL8/TQxsOeRcSvAgtH+im2gyODvaJBbx4a4Ho7SCtgIJYoc8wSpBexDUF3XXTTFArwy2y++Gip0jf8jBwpzRb+euDhX2L7/t9tL2L31/G21xHxeTZfvHW9Huyn2H5tT/I2oze7rqVjXHbUjpo8i4jz2XxxUuGS5Sl5KMA+m80XzVTeR6Z+Au7EbdbLg5etpaWG383G1F4UZ4JWs/niVWXv7D2an5HjzOaLVWyD1D437/h93KyXH+/5nB9j+1D2Nm69I3jHs4j4YzZf/Fz5g9nFoddQmjl/G/vfd349my/OjrmuR+TUYMffNuvlPw45Ls3QvortLN+uZazPIuKjfmGc0j3hoQHDiO19Y9VrY2AgligDd1mqzKOkgH9fuH0fES8262VzX7iNiNisl39u1svVZr18GxH/HffPgv+eHuImb7Nenqfw+iIiPu057BfLu7mxWS8/p5+1VxHx7z2HPY+Hl7lSpubA4954hYFaCLjALr8IDBwjbf+z733bLxHxz8162T5mBmizXl6mGcyfYzsDvMtHoe1vaYDgbewfGGgHbA4jsVkvz2L7c7bLqQA0SruWJ++7jzY9tgMGI+AC+/SxzyQVSg+9qz1//CUiOnl/Ly1DPondD2fP7mnDlDV7fl9RGXZKP2e7Zv+fhetmVFLF+V2vKpzG7vto02d7YCgCLhCxDSF3vUxLTuEhq9j9EHUTbjt7by8F5ZPY/XD22nY439qsl5cR8WHHHz2zSoN7rPb8/smAbeDp9g1IfEy/7nppJQw1EHCBiG1Ht2vE/p0tIrhPCkm7ikBdR8TbPorSpJDb7vnj1jLK75zv+f0XA7aBEbnnHfkXQ7aDx0v3wV335g/pvrzve9z01igYiIAL3Ghi96zYathmMDLtvt9Ps4e9SO8K7nq/9Fl4QLvrcs/vvxiwDYzPrpU9Bo/Go9nz+x8jvg5iXB3x92A0BFwgIrZFaWJ3WLFUmZ3SUrbXO/7oKgXQvu1bjmyZMjzdrtUXL4ZuBI/W7Pi96zuz87tmcZ9bucXYCbjAV/fMilmqzC773u9qhzh5Wqq863r1gAZPt+tn6MnF4uhfGnzctafx3UC72vMRBgkZNQEXuKsJS5U5TLPn9+/d47Zjqz2/r9rr3072/P75gG1gRNL7m7sKxzEO+wLqNytr0iDhrmXK7p+MmoALfCO9N9nu+CNLlblr1wzBRR+Fpe6xL0yfDNiG0u17WL0cshGMyr5r5nzIRvBou75/V3u2a9v1OsmztLc5jJKAC3zHUmUecs8WM+cDNuPm3fFdxXBcpxGRHlJ3DUR86bMIGOOVZm/bPX885OoMHiHdm5/v+KN93zvVlKmOgAvs04Slyuz3Ys/vnw/Yhhu7ZiUmv7wyDUat9vzxEEXAGKez2B2Q9s0AUpZmz+/v/JlPA127BrTf2HKNsfohdwOAMm3Wy8u0JPnXO3/0cjZftJv1sh2+VRTkRe4G3HK56zdn88XJZr08H7YpZUizOB9jd9C/ijpn4v6YzReP+XsXm/XypOO2jE4qTHQWu/dOjVB4aCx2LS1+aMXGKnZXxH8bBrUZIQEX/n9794/VNhbFcfw3KyA7MFlBmBVAahWhVoOoVcRZAc4KYgrVEY1qKFSPs4IJKwjsIKyAKXSZk2PeFf4jy5Lf93OOmyewFSKE7n333QdXXRVzK3Fc/sN3laT5Ldl8BHBN7IEFJ8dqSrMzhcuSX2Q9r5PGQFki5FjNmvWLli+9W9peBgOUpHmmcFKrfONbbyV9D4xPV/heYHAIcAG8JVMTtCz/0SzFOkcsIXDaidMkzZ87eq/LWGe1Y9PhNXMv1mOOhdcYqjU5UVfF7yTN7/R69v5DkubHrNfH2LAGF0AruipjHazZGrTLuirKfZ8ERuWHpDMSV8Nn995QefndigFq6YxnG54SsDcEuADe1NJVeWqlkcALZvWH54ekvyMIbu/V/FvXfVFW/9qTmoQIwe14ZM74SqXlVoIeaizpvS8wWJQoA1hVJunX0tiRmqzvWc/ngv0b0kOvN2scc+Dy0kiqjGit/JTy6608qemCfhtBMuQQZc74Omunb/V6LfYkSfOTiO4jOAAEuABWYl2Vv0q6Wjp0mqT51GZ5EQ/vYedM/W8VFJw1PqCZp0f55YPLv48vpjQFit5XZ9zbG/lnXRXeGk4MmFVShf5Pb9a8D5YKNxvLRBdtjAgBLoCV1VUxs67Ky39IZ9ZV+WEPp4X98ALcfZQoh7a3CJXUj9WDty2XbYsTCnLnSZovDijIx5parplSr6txpCZZeU5iZJS84HOt/8u6KhZJmj/q9T7IWctnAIPDGlwA68oCYy+lyoiEBU73gUOf+mw0ZQmXkFjK6eYKr5ubiAdSBFgi8to5PKdR3CiF7oNPGyYrQt9z1HKvBQaHGVwAa6mr4ielyjALhcviztVfwmOjbTEOhW3vMVV4D8urJM1LKisQMFOTrFze/u0lMTLr93SwKdvLeHnGVZJ+b7jTgZfgOFck91WMHzO4ANZmpW+h2bsZXZWjUjrjsz4+3K610Hqxx5iaDVlDIK8ku+zvTDAWVoHhzfBfcR8flcwZn6hJRK/7Ct1TJemC2X2MBQEugE1lgTFKlSNiXTVDgdUkSfOsh1PwqgXKHj57aGbO+CmlhQixxEgoUSnF+Ts0Vn3+fnMvwSgQ4ALYiAU3oS6dp1YyiTjMnPGdruWzoO1T4NCT/MD3YNmM9Y1zmHWV8Hj3ahIjI2CJxOUy813KevwsYGMEuAA21laqLOm4z3PBflhgFZrFPdKO1mslaX4if4ZpHnHn4KloOIU1kBgZvb6TEKeUr2MMaDIFYFuZpH+Xxo7Ub1YZ+zXV62tAah6Gyroqsq4+yB6uSoWvr0dFOHv7whpOzRXeNoiGU/DM1ARKNJwaEUs+hKpY7uuq2Hq7NpsdDjWvO1fE91mMAzO4ALbSUqqMSNg18MU5fJGk+aKLmSDrFvpT4c7NknQe8eytpP+rKh6dw2V/Z4KxsKSHF7DQcGq4Mme87Oj9vQocqkEweAS4ALbWUqqMSNj2UF6p46mkh00bTyVp/s5mJv+RXxlwaYE2/Adf1lUiiMTIKGXOeCdLQyxZeBc4NLFlIsBgEeAC6ApZ3chZKbIX5B5J+p6k+UOS5tNVZoWSND+xwPZB0ueWL720jrBQ67poiXWV8NFwaiTs/hmqZLnreBmCFyxnHX4G0DnW4ALoRF0ViyTNr9UeiODA1VWRJWku+XspTiR9k/QtSfNHNcHr4o/j7ySd2GuVddwEt2GZpF+B8UNeVzlP0nybEvUy5muprorbJM1/qKm4WDZP0nwR+xKAAfGSEZ029qurorQk4/K9OGs5B2DvmMEF0KWZ/DI3RMJmcr8o3NH3TxM1D9NXf7w+29hbwe2jpI8xByRtbBbn2jl8qOsqP6i5djZ9Hfd+xsOTOeN04h4Wb0Z9F53rQ+95xKw+howAF0BnLLuf7fs8sH+2JvdEfqnsNq4lnVgpLnwz+UmGsr/TwFhEmhgZFWu2NwkcutnRDHvpjBPgYrAIcAF0yoIO7wEJEamr4qGuijNJHxVuVrKOJzXre9/XVTGlVPJt9jNiXSXWNROJkSHLnPGd7Dtuf9NDlVkXrOfHUBHgAtiFmShVhqmrYlFXxbmk92pKl+/0dvmy1FxDN5IuJR3XVZGxj+t6rITb63DOXpZ4hcTI4IV+/k91VewkwDXee3MtYJD+en5+3vc5AAAiZNn/4HYTlB8DAIBN/AcukBOB9GGaFQAAAABJRU5ErkJggg==	t
\.


--
-- Data for Name: branches; Type: TABLE DATA; Schema: public; Owner: postgres
--

COPY public.branches (id, name, address, business_id, folio_prefix, folio_counter, uses_iva, payment_cash, payment_card, payment_points, allow_deferred, points_per_peso, peso_per_point, discount_enabled, max_discount_pct, normal_days, urgent_days, extra_urgent_days, urgent_pct, extra_urgent_pct, is_active) FROM stdin;
16	Principal (El Chato)	El Chato 2222	22		0	\N	\N	\N	\N	\N	\N	\N	\N	\N	\N	\N	\N	\N	\N	t
17	Chatito Jr Hijo	Chatito 222	22		0	\N	\N	\N	\N	\N	\N	\N	\N	\N	\N	\N	\N	\N	\N	t
18	El Reloj	Corola 26	21		0	\N	\N	\N	\N	\N	\N	\N	\N	\N	\N	\N	\N	\N	\N	t
13	Venus	Venus	20	V	1	\N	f	f	f	t	1	1	t	50	3	1	0	20	50	t
19	Principal (Isaac)	Sur 107 111	23		0	\N	\N	\N	\N	\N	\N	\N	\N	\N	\N	\N	\N	\N	\N	t
20	Agricola	Sur 12 	23		0	\N	\N	\N	\N	\N	\N	\N	\N	\N	\N	\N	\N	\N	\N	t
14	Reforma	Ave Reforma 523	20	R	22	\N	\N	\N	\N	\N	\N	\N	f	50	4	1	0	20	50	t
6	Venustiano	Sur 105 #1421	21		0	\N	\N	\N	\N	\N	\N	\N	\N	\N	\N	\N	\N	\N	\N	t
\.


--
-- Data for Name: admins; Type: TABLE DATA; Schema: public; Owner: postgres
--

COPY public.admins (id, username, password, is_super_admin, business_id, branch_id) FROM stdin;
1	soladmin	scrypt:32768:8:1$dqBvL1mBL9LTXbsa$3813752f2fbec4f78219d66d7c194a760824d5d1be857eff3326c4faaa173ea7314cd949abc0cf7a65334db7133a2b4149c2e1283ad2fb77aba24a3c88eaa625	f	\N	\N
19	tany	scrypt:32768:8:1$cyL2qyxRlOXHJHqx$fa17e79f870a7d4bb51fec17de193f1e6d506a345d54ddced7a2f7c54b3553698426225674727242117e5c67795a8cdc1cf5f84a5e62e692d466b683ba09971c	f	20	\N
5	jose	scrypt:32768:8:1$GdY7m4713x5ZQjCh$3376bea8a16a4ae399a06c4a4d356d205357b35433f1fdaba40b46b77c4fdf0ed612509fc5c862386c1a0af3a418884dfce2b4e0a28bf9544576548398025237	f	\N	\N
6	sonia	scrypt:32768:8:1$9lrR9T7cadAXWx6A$45a9553bc9890ed22e2b9fc1e921fbe0ed1a0db4ddf3f06a7b20e4df50d9fdfd843017a7e7bf39f89db77e9b007c33249bac08a4232110953701a6073517fc39	f	\N	\N
7	zabdi	scrypt:32768:8:1$ZU0VNrIQVYamFi76$4b90670c7a520d8a822234f97ead1d5ada423796b75367d05a2e88751e15fddc2df7359311f1f7485d34f23a9a6ce5c35da190521e61c0f363de7980d65685c7	f	\N	\N
8	lola	scrypt:32768:8:1$4he7FL4eINCAzhOU$c49fd94d29d89c1fa5f33dea2a54e4c633ced3f5dfccae808dd587359930e648b13417f4697a9b8548d8cb7341bcbba76f376b53b4f824553e4844568a890708	f	\N	\N
9	pedro	scrypt:32768:8:1$H1XAAwwSPlOnPP48$d36de7231fbcd5f696c7626e1afa6dc02156450fa0f1fa548725689a666f657c41c75503959c499995bc881856e9c99df2aded5a5ca75c2f6cc022253564c1a1	f	\N	\N
11	raul	scrypt:32768:8:1$XWAsjaDJkSAtNMaJ$193d9e1bb0164cd53eca1fc86ff6db0952d0dbc3b155083eef7fd3f0eaafdbf830bea71ce5ff609eff50b813b82fda27c768fe5d70a050a4c4e2762ab44e46d3	f	\N	\N
15	superadmin	scrypt:32768:8:1$bIociYV2SN9YZ2CM$ab3c0322c25faea857ec04ffef9675de1ea0761eea618c3858194a6471c56914a3aa2517dae11f22b0a8f950eedb027a7473a3356db2623f0b0079cfcf0e80d1	t	\N	\N
20	ybarra	scrypt:32768:8:1$Hh0JZQ9OrUmlgtn7$17755d948f3ed5826b6feb4e17ecec2e7c6a994db4c26c37eb3f4c05e23bc98703d8eb5d9dd6bc43a5a5178e1ec28381c732dc6accee595f2b513fd94e7ab67c	f	21	6
17	yaj	scrypt:32768:8:1$Uaj1IfElSkrRhcAq$bdfe1d97e68e99814f0916b05a3628dad0e912bab95e4363793ffd1897b51d9a3662df4726f75f816c2dc5e939e08106ddf17f4dc1dc933c7ed7b0c294e8194b	f	\N	\N
14	tania	scrypt:32768:8:1$CvBrvISaAjISi2Ca$a28e06ddb2ef394bff7ae6ca69053f264d65cc5f201f6d48fac13c95d2ae8299c0979eea8831a7632acd5893fea9accf86444226f9172705ac602d891cc476c5	f	\N	\N
18	yaja	scrypt:32768:8:1$OjafBNJjrsT5ubgD$a7a2fd00ebb5f65a1a7d3f7a1c3542bcc99007d2ba019603d3820d5cc9a32ec16b5f8dbaf9bd745fecca6a6005e520643eb57a7971ef6e20690e86b5627442a2	f	\N	\N
16	tels_admin	scrypt:32768:8:1$BQdLifGp5oVikP68$e2360743750a60a65954cf65950b1cf228a01e03e8ce569315f9fdd36ff346cf472b531fad9be0103152b6230e784fb37c8d07c886b0f21ee3351c2075bbef97	f	\N	\N
12	raullopez	scrypt:32768:8:1$tRf8IlGR8kXGvaXU$92ad700b371354cb767ef4ec87e6f457d0f1dead3ef24b822100063834a1f676eddc7ca334923c88cadffe2155efc2c5d9a296f23bd12fff42b4119ab7e08e19	f	\N	\N
13	re	scrypt:32768:8:1$2omTHxC3ct3ZnSs5$e1a9eebf79c15a463075009b421dfed64adabe333e313949bdd2edd6bc23d3d76a650b78f818e12fafcad7f71cf69fee47e7524fc0e3a2c37133c168c7ec4a05	f	\N	\N
21	chato	scrypt:32768:8:1$wbwh3B6ZFS7ShV3D$38f6a722e86bb6871939ef5e37d0db304cb5b2c8017e766282cca02cd34f2d0538b9f1db99abfdd6a5654adc42669943141c2e314f95694d461a979bba256e19	f	22	16
22	mgr_reforma01	scrypt:32768:8:1$QD7vTmsH8DUkG74a$a491e1ee723154ab0607ecd04ff43bce9039f442f33d59fad0eb70057b1e88eb94bad93d53f42120ec672eca8163b84d506bab67a42e146976d159cfb3798fc3	f	20	14
23	Tania Ochoa	scrypt:32768:8:1$R1Li5DLI9pZUPo4o$07a6c8ab44b18a43e084fa265bf0c73687c6da38ae205fdfc210766be738753bcc7c66d3df41af6cf339eb142e422af9ed6514fe7c26ae42cce1813182e9ad54	f	20	14
4	huttman	scrypt:32768:8:1$lMHC6TQhaWg33DXX$e3383f9e0bf93e6b32ee8641e91d46e4bae2595f675c4eff92f4271038a72463a671ed94ecfb6cea68f9a2982267b12ef1df30e5e50b0cf8cecb45afb3cf702b	t	\N	\N
10	superadmin_test	scrypt:32768:8:1$mxjmB1k6pmPvxdpL$1455177f60cc3932882b1f638e1343da8d23a285666a3a405924e4bf2882d0eeb29f662e88c5833e93b0092df6664d1d6314d0584da8337d322a95fb8469c36e	t	\N	\N
24	hut	scrypt:32768:8:1$Ki41A08nMo3JhF8g$040ac6102392ba039b4f2fd79c1cbeaf5e2ab0f02cfc024029b1243b6aee37891fe01542cd2fcd0b4b363f90426818b4d2d3ceec4f1df78fe005f97d255f3d03	t	\N	\N
25	isaac	scrypt:32768:8:1$svQ1bwdXhMHdwjrp$e8ae42762a0d7827d1800a774c8f35a5ea6ad38ce4315088de7b932fc793c6bade65388e9f7cd000406916c21a35215d5925b719b4c281fa86549dda8f3729e6	f	23	\N
\.


--
-- Data for Name: services; Type: TABLE DATA; Schema: public; Owner: postgres
--

COPY public.services (id, name) FROM stdin;
1	Tintorería
2	Planchado
3	Sastrería
10	Lavanderia
\.


--
-- Data for Name: categories; Type: TABLE DATA; Schema: public; Owner: postgres
--

COPY public.categories (id, name, service_id) FROM stdin;
2	Camisas	2
4	Pantalones	2
8	sacos	3
1	Trajes	1
15	Boton	3
16	Lavanderia	1
11	Camisas	1
21	Abrigos	1
22	Accesorios	1
23	Bata	1
24	Blancos	1
25	Bermudas	1
26	Blusas	1
27	Cobertores	1
28	Chalecos	1
29	Cojines	1
30	Conjuntos	1
31	Colchas	1
32	Carpetas	1
33	Chamarras	1
34	Conrtinas	1
35	Corbatas	1
36	Deportes	1
37	Edredones	1
38	Faldas	1
39	Filipinas	1
40	Gabardinas	1
41	Guayaberas	1
42	Manteles	1
43	Otros	1
44	Overoles	1
45	Pantalones	1
46	Peluches	1
47	Playeras	1
48	Palazzos	1
49	Dudaderas	1
50	Sweaters	1
51	Vestidos	1
\.


--
-- Data for Name: items; Type: TABLE DATA; Schema: public; Owner: postgres
--

COPY public.items (id, name, price, category_id, units, description, business_id) FROM stdin;
1	Camisa de Lino	150	2	1	\N	\N
6	saco lino	200	8	1	\N	\N
11	Traje Lino 3 Pieza	600	1	3	\N	\N
13	Traje Barato	100	1	1	\N	\N
14	Traje Algodon	500	1	1	\N	\N
20	Boton Nuevo	40	15	1	\N	\N
23	Traje 3 Piezas Caro	500	1	1	Caro	\N
10	Traje Muuuy Caros	100	1	1	\N	\N
24	Camisas Listas Y Bonitas	1000	11	1	Conitas	\N
26	Camisa Lana	150	11	1		21
28	Traje Loco	2000	1	1		22
29	Camisas Solo Del Chato	5	11	1		22
32	Test Edit	100	21	1		20
34	Pantalon	80	45	1		20
35	Camisas	20	2	1		20
36	Abrigo De Piel	200	21	1		20
33	Abrigo Largo	10	21	1		20
\.


--
-- Data for Name: branch_item_overrides; Type: TABLE DATA; Schema: public; Owner: postgres
--

COPY public.branch_item_overrides (id, branch_id, item_id, price) FROM stdin;
1	13	33	10000
\.


--
-- Data for Name: business_holidays; Type: TABLE DATA; Schema: public; Owner: postgres
--

COPY public.business_holidays (id, business_id, name, is_recurring, month, day, specific_date, is_active, branch_id) FROM stdin;
1	21	Año Nuevo	t	1	1	\N	t	\N
2	21	Día de la Constitución	t	2	5	\N	t	\N
3	21	Natalicio de Benito Juárez	t	3	21	\N	t	\N
4	21	Día del Trabajo	t	5	1	\N	t	\N
5	21	Independencia de México	t	9	16	\N	t	\N
6	21	Revolución Mexicana	t	11	20	\N	t	\N
7	21	Navidad	t	12	25	\N	t	\N
8	22	Año Nuevo	t	1	1	\N	t	\N
9	22	Día de la Constitución	t	2	5	\N	t	\N
10	22	Natalicio de Benito Juárez	t	3	21	\N	t	\N
11	22	Día del Trabajo	t	5	1	\N	t	\N
12	22	Independencia de México	t	9	16	\N	t	\N
13	22	Revolución Mexicana	t	11	20	\N	t	\N
14	22	Navidad	t	12	25	\N	t	\N
15	20	Año Nuevo	t	1	1	\N	t	\N
18	20	Día del Trabajo	t	5	1	\N	t	\N
19	20	Independencia de México	t	9	16	\N	t	\N
20	20	Revolución Mexicana	t	11	20	\N	t	\N
21	20	Navidad	t	12	25	\N	t	\N
17	20	Natalicio de Benito Juárez	t	3	21	\N	t	\N
23	20	Viernes Santo	t	4	3	\N	f	\N
24	20	Año Nuevo	t	1	1	\N	t	14
29	20	Revolución Mexicana	t	11	20	\N	t	14
30	20	Navidad	t	12	25	\N	t	14
31	20	Año Nuevo	t	1	1	\N	t	13
32	20	Día de la Constitución	t	2	5	\N	t	13
33	20	Natalicio de Benito Juárez	t	3	21	\N	t	13
35	20	Independencia de México	t	9	16	\N	t	13
36	20	Revolución Mexicana	t	11	20	\N	t	13
37	20	Navidad	t	12	25	\N	t	13
34	20	Día del Trabajo	t	5	1	\N	f	13
25	20	Día de la Constitución	t	2	5	\N	t	14
26	20	Natalicio de Benito Juárez	t	3	21	\N	t	14
27	20	Día del Trabajo	t	5	1	\N	t	14
28	20	Independencia de México	t	9	16	\N	t	14
\.


--
-- Data for Name: business_hours; Type: TABLE DATA; Schema: public; Owner: postgres
--

COPY public.business_hours (id, business_id, day_of_week, is_open, open_time, close_time, branch_id) FROM stdin;
1	21	0	t	09:00:00	19:00:00	\N
2	21	1	t	09:00:00	19:00:00	\N
3	21	2	t	09:00:00	19:00:00	\N
4	21	3	t	09:00:00	19:00:00	\N
5	21	4	t	09:00:00	19:00:00	\N
6	21	5	t	09:00:00	19:00:00	\N
7	21	6	f	\N	\N	\N
8	22	0	t	09:00:00	19:00:00	\N
9	22	1	t	09:00:00	19:00:00	\N
10	22	2	t	09:00:00	19:00:00	\N
11	22	3	t	09:00:00	19:00:00	\N
12	22	4	t	09:00:00	19:00:00	\N
13	22	5	t	09:00:00	19:00:00	\N
14	22	6	f	\N	\N	\N
15	20	0	t	09:00:00	19:00:00	\N
16	20	1	t	09:00:00	19:00:00	\N
17	20	2	t	09:00:00	19:00:00	\N
18	20	3	t	09:00:00	19:00:00	\N
19	20	4	t	09:00:00	19:00:00	\N
20	20	5	t	09:00:00	19:00:00	\N
21	20	6	t	\N	\N	\N
25	20	0	t	09:00:00	19:00:00	14
26	20	1	t	09:00:00	19:00:00	14
28	20	3	t	09:00:00	19:00:00	14
29	20	4	t	09:00:00	19:00:00	14
31	20	6	f	\N	\N	14
27	20	2	t	09:00:00	19:00:00	14
30	20	5	t	09:00:00	19:00:00	14
\.


--
-- Data for Name: client_types; Type: TABLE DATA; Schema: public; Owner: postgres
--

COPY public.client_types (id, name, business_id) FROM stdin;
1	Regular	20
2	Vip	20
3	Nuevo	20
\.


--
-- Data for Name: clients; Type: TABLE DATA; Schema: public; Owner: postgres
--

COPY public.clients (id, full_name, phone, email, notes, branch_id, last_name, street_and_number, neighborhood, zip_code, date_of_birth_day, date_of_birth_month, client_type_id, username, password, points_balance) FROM stdin;
1	Raul Gomez	5530746320	raul@gmail.com	\N	6	Gomez	corola 22	El Reloj	04640	15	7	\N	\N	\N	0
2	Raul Gomez	55307463202	raul@gmail.com	\N	6	Gomez 	corola 22	El Reloj	04640	15	7	\N	\N	\N	0
3	Sonia Lopez	553030302540	sonia@gmail.com	\N	6	Lopez	corola 222	El Reloj	04640	1	12	\N	\N	\N	0
4	Tania Herreta	5530746910	tania8ah@hotmail.com	\N	6	Herreta	Corola 26	El Reloj	46360	31	7	\N	\N	\N	0
6	Juan	5551234000	juan@test.com	Actualizado	\N	García	Av. Reforma 123	Centro	06600	15	6	\N	\N	\N	0
7	Maria	5552425500	maria@test.com	Actualizado	14	García	\N	Polanco	\N	\N	\N	\N	\N	\N	0
8	Zury	55326598	zur@gmail.com	\N	14	Ochoa	Av. Morelos Mz.84 Lte. 989	Ejidos De Sta María Aztahuacan	9500	1	11	\N	\N	\N	0
5	Huttman	5530746982	\N	\N	\N	Ochoa	\N	\N	\N	\N	\N	2	huttman	scrypt:32768:8:1$yw1ko3ROYqysi46f$37710c76d0ba0c7832b3079bec3c59a1ef917eb73d879b4b16443ce6338f65f4d59be88ecbe663847dc1c4fb6d3e956a7bc676c23b3f3d5d0b12c975de52b5b4	0
9	Maverick	12345678922	huttman@hotmail.com	\N	14	Ochoa	Corola 26	\N	4640	16	12	3	maverick	scrypt:32768:8:1$CBu7ZgYdfMZiMJ1A$a8df6f2157445a38432861fbfb6d914b8cd61496f79b5d8734947f02b37cc56729e9fb4ae7884151db71865b2a6bfa02f37512ec81bf70b822b108918c50b050	0
12	Yaj	123456123	yaj@gmail.com	\N	14	Ochoa	Av. Morelos Mz.84 Lte. 989	Ejidos De Sta María Aztahuacan	9500	1	1	3	yaj	scrypt:32768:8:1$0eeYy5TOB7GjZvGw$67299f8f7035638395b76defd795a0559ff6a8647324cbaf0dc55a819916b678f773d4fdc6283abf97225035f22d78fae43fbb2e08d778ff6a004f84b8e6ef90	0
\.


--
-- Data for Name: client_discounts; Type: TABLE DATA; Schema: public; Owner: postgres
--

COPY public.client_discounts (id, client_id, discount_pct, reason, created_at) FROM stdin;
\.


--
-- Data for Name: colors; Type: TABLE DATA; Schema: public; Owner: postgres
--

COPY public.colors (id, name, hex_code) FROM stdin;
1	Rojo	#ff0000
2	Negro	#000000
3	Blanco	\N
4	Gris Oxford	#393D42
5	Gris	#666666
6	Gris Claro	#b5b5b5
7	Cafe	#6F4E37
8	Cafe Claro	#A18262
9	Cafe Obscuro	#432616
10	Azul	\N
11	Azul Cielo	\N
12	Azul Claro	\N
13	Azul Rey	\N
14	Azul Marino	\N
16	Lila	\N
17	Morado	\N
18	Mora	\N
19	Verde	\N
20	Verde Pistache	\N
21	Verde Claro	\N
22	Verde Seco	\N
23	Verde Militar	\N
24	Verde Limon	\N
25	Verde Agua	\N
26	Hueso	\N
27	Crema	\N
28	Naranja	\N
29	Rojo Ladrillo	\N
30	Shedron	\N
31	Guinda	\N
32	Vino	\N
33	Rosa	\N
34	Palo De Rosa	\N
35	Durazno	\N
36	Melon	\N
37	Coral	\N
38	Fiusha	\N
39	Amarillo	\N
40	Amarillo Palido	\N
42	Mostaza	\N
43	Varios Colores	\N
44	Dorado	\N
45	Plateado	\N
15	Beige	#D9BB9B
41	Amarillo Oscuro	#f7fb09
\.


--
-- Data for Name: defects; Type: TABLE DATA; Schema: public; Owner: postgres
--

COPY public.defects (id, name) FROM stdin;
1	Quemado
2	Manchado
3	Sin Raya
4	Boton Roto
5	Falta Boton
6	Luido
7	Color Corrido
8	Agujerado
9	Tela Abierta
10	Brillado
11	Encogido
12	Llorado
13	Percudido
14	Rasgado
15	Hilo Jalado
16	Adornos Maltratados
17	Tela Pelada
18	Quebrado
19	Bajo Riesgo Del Cliente
20	Sin Garantia
\.


--
-- Data for Name: employees; Type: TABLE DATA; Schema: public; Owner: postgres
--

COPY public.employees (id, username, password, full_name, phone, branch_id, business_id, is_active) FROM stdin;
1	manases	scrypt:32768:8:1$6KPvPQneQS9Ur03c$7ba06d21adbc2f443bf0b68f13e82cefbb1b1284f2320b3eb9aebfc32f860d879206efec7020ac312c69be622e133844f304ee9316980a0112df341913edca9f	Manases Ochoa	5530746983	18	21	t
6	testusr9265@Reforma	scrypt:32768:8:1$06J3qUIzbwho6uci$a4ac56c8952aebed6323793c33275c6bac9115fc9b7477c5e2f424c6bdebfd4a2d40e4b95c582455247b2d75b62710bf42e0257b56ae7de6a48b02bc6ea6a26e	Test Usuario		14	20	t
2	emp_test01	scrypt:32768:8:1$T2axNFQ5wvH9pQFf$99b3311dec5a9b6bb63b88bff04a72c63add6517bf551985d531c6ada7f99d18930920e3bdd37c013db7426ffd95d7a37366032c00fd68421236103e6fe8f923	Test Employee	5551234567	13	20	t
3	carlos@Venus	scrypt:32768:8:1$vGY4ObpJNkBL2Nnr$fcf6116c46bb69476a859ac06190e10d55db37594f66ce56c162260359fa8408b1ee97c2303deeaef595228be641344c3e4532d8acedc51332a679e3a1bdb844	Carlos Lopez	5551234	13	20	t
7	re@Venus	scrypt:32768:8:1$Sw2BjTNU6b27hWqt$9af6040cfdf3bec158985ed0f4949dc5b6cef338cc982e6f70d0985e8a2f91f292ee3fe60c4cc73cbb4c31a41d8483aacb358573f8d01f9a3773a3be4f706d72	Reshit Ochoa	5555555555	13	20	t
5	joseluis@Reforma	scrypt:32768:8:1$8UetG0IVDT6kDYgm$c0c20d9d7ced1c1a6d0c8b69d2b18433779fde59a279c32aa532debdc37d4ab44c6d7f85188ec10dfae4adf6628e8a7093c879ca673af7f23aa86d7e81127e84	Jose Luis Ochoa	123456789	14	20	t
8	chato@Reforma	scrypt:32768:8:1$PZE7H8aGwA5a4J4S$087ad8419e6b96acf0379aecfc222dcf4482c75bc18704ac6c3a58a5afcb24ee82a25ac0793ff504a033caec3278af3a7987b9bc7c946f93ea17c4ec4ee0968e	Chato Lopz	123456159987	14	20	t
\.


--
-- Data for Name: roles; Type: TABLE DATA; Schema: public; Owner: postgres
--

COPY public.roles (id, name, description) FROM stdin;
1	business_admin	Supervisor de sucursal
2	empleado	Encargado de recepción y cobro de órdenes
3	cliente	Rol básico de soporte y logística
4	super_admin	\N
5	Gerente	Supervisor de sucursal
6	Cajero	Encargado de caja y cobros
7	Colaborador	Soporte y logistica
\.


--
-- Data for Name: employee_roles; Type: TABLE DATA; Schema: public; Owner: postgres
--

COPY public.employee_roles (employee_id, role_id) FROM stdin;
1	1
2	1
3	2
5	5
6	5
7	6
8	6
\.


--
-- Data for Name: orders; Type: TABLE DATA; Schema: public; Owner: postgres
--

COPY public.orders (id, order_date, status, notes, client_id, branch_id, employee_id, subtotal, discount, tax, total_amount, payment_status, amount_paid, folio, urgency, delivery_date, carousel_position, created_by_name, delivered_at) FROM stdin;
1	2026-03-03 23:59:46.434985	Creada		5	14	6	300.00	0.00	48.00	348.00	pending	0.00	\N	normal	\N	\N	\N	\N
2	2026-03-07 16:25:13.967763	Creada		5	14	6	600.00	0.00	0.00	600.00	paid	600.00	R0003	normal	\N	\N	\N	\N
3	2026-03-07 16:26:15.516309	Creada		6	14	6	150.00	0.00	0.00	150.00	paid	150.00	R0003	normal	\N	\N	\N	\N
5	2026-03-07 16:45:06.198208	Creada		5	14	6	150.00	0.00	0.00	150.00	paid	150.00	R0004	normal	\N	\N	\N	\N
6	2026-03-07 16:46:30.81493	Creada		6	14	6	150.00	0.00	0.00	150.00	paid	150.00	R0005	normal	\N	\N	\N	\N
8	2026-03-07 17:13:58.801082	Creada		7	14	6	350.00	0.00	0.00	350.00	paid	350.00	R0007	normal	\N	\N	\N	\N
7	2026-03-07 16:57:16.687755	Creada		6	14	6	1100.00	0.00	0.00	1100.00	paid	1100.00	R0006	normal	\N	\N	\N	\N
9	2026-03-07 19:12:59.648807	Creada		5	14	6	200.00	0.00	0.00	200.00	paid	200.00	R0008	normal	2026-03-11 19:12:00	\N	\N	\N
10	2026-03-07 20:51:06.946269	Entregado		6	14	6	200.00	0.00	0.00	200.00	paid	200.00	R0009	normal	2026-03-11 20:50:00	A1	Test Usuario	\N
12	2026-03-07 21:22:06.801225	Entregado		5	14	6	260.00	90.00	0.00	170.00	paid	170.00	R0011	normal	2026-03-11 21:21:00	A15		2026-03-07 21:27:18.5157
11	2026-03-07 21:02:30.494285	En Producción		5	14	6	240.00	0.00	0.00	240.00	partial	150.00	R0010	normal	2026-03-11 21:01:00	\N	Test Usuario	\N
4	2026-03-07 16:40:02.950938	Cancelado		5	14	6	20.00	0.00	0.00	20.00	paid	20.00	R0003	normal	\N	\N	\N	\N
13	2026-03-07 22:19:45.337201	Creada		5	14	6	150.00	0.00	0.00	150.00	pending	0.00	R0012	normal	2026-03-11 22:19:00	\N	tany	\N
14	2026-03-07 22:33:34.874426	Entregado		9	14	6	200.00	0.00	0.00	200.00	paid	200.00	R0013	normal	2026-03-11 22:33:00	A30	tany	2026-03-08 03:27:43.876401
15	2026-03-08 01:31:47.807037	Entregado		12	14	6	200.00	0.00	0.00	200.00	paid	200.00	R0014	normal	2026-03-12 01:31:00	A15	tany	2026-03-08 03:30:11.389889
16	2026-03-08 03:32:49.941847	Creada		9	14	6	360.00	210.00	0.00	150.00	paid	150.00	R0015	extra_urgent	2026-03-08 03:31:00	\N	tany	\N
17	2026-03-08 03:56:35.588633	Creada		9	14	8	20.00	0.00	0.00	20.00	paid	20.00	R0016	normal	2026-03-12 03:56:00	\N	Chato Lopz	\N
18	2026-03-08 04:07:47.142939	Creada		9	14	8	600.00	0.00	0.00	600.00	paid	600.00	R0017	normal	2026-03-12 04:07:00	\N	Chato Lopz	\N
19	2026-03-10 02:12:00.291448	Creada		9	14	6	240.00	90.00	0.00	150.00	paid	150.00	R0018	normal	2026-03-13 02:11:00	\N	tany	\N
20	2026-03-10 02:25:54.630973	Creada		9	14	6	260.00	90.00	0.00	170.00	paid	170.00	R0019	normal	2026-03-13 02:25:00	\N	tany	\N
21	2026-03-10 02:48:04.505261	Creada		9	14	6	240.00	90.00	0.00	150.00	paid	150.00	R0020	normal	2026-03-13 02:47:00	\N	tany	\N
22	2026-03-10 02:54:55.816597	Creada		9	14	6	1400.00	0.00	0.00	1400.00	paid	1400.00	R0021	normal	2026-03-13 02:54:00	\N	tany	\N
23	2026-03-10 03:11:46.26529	Creada		9	14	6	120.00	0.00	0.00	120.00	paid	120.00	R0022	normal	2026-03-13 03:11:00	\N	tany	\N
\.


--
-- Data for Name: order_garment_tickets; Type: TABLE DATA; Schema: public; Owner: postgres
--

COPY public.order_garment_tickets (id, order_id, ticket_code, item_name, quantity_index, scanned, scanned_at) FROM stdin;
1	10	R0009-1	Abrigo De Piel	1	t	2026-03-07 20:52:34.107092
2	11	R0010-1	Camisas	1	f	\N
3	11	R0010-2	Camisas	2	f	\N
4	11	R0010-3	Camisas	3	f	\N
5	11	R0010-4	Camisas	4	f	\N
6	11	R0010-5	Camisas	5	f	\N
7	11	R0010-6	Camisas	6	f	\N
8	11	R0010-7	Camisas	7	f	\N
9	11	R0010-8	Camisas	8	f	\N
10	11	R0010-9	Camisas	9	f	\N
11	11	R0010-10	Camisas	10	f	\N
12	11	R0010-11	Camisas	11	f	\N
13	11	R0010-12	Camisas	12	f	\N
21	12	R0011-8	Camisas	8	t	2026-03-07 21:24:07.221553
14	12	R0011-1	Camisas	1	t	2026-03-07 21:24:32.393262
15	12	R0011-2	Camisas	2	t	2026-03-07 21:24:37.390256
16	12	R0011-3	Camisas	3	t	2026-03-07 21:24:41.694135
17	12	R0011-4	Camisas	4	t	2026-03-07 21:25:00.019911
18	12	R0011-5	Camisas	5	t	2026-03-07 21:25:04.750968
19	12	R0011-6	Camisas	6	t	2026-03-07 21:25:25.175026
20	12	R0011-7	Camisas	7	t	2026-03-07 21:25:29.07631
22	12	R0011-9	Camisas	9	t	2026-03-07 21:25:32.936176
23	12	R0011-10	Camisas	10	t	2026-03-07 21:25:40.343213
24	12	R0011-11	Camisas	11	t	2026-03-07 21:25:43.49928
25	12	R0011-12	Camisas	12	t	2026-03-07 21:25:46.440211
26	12	R0011-13	Camisas	13	t	2026-03-07 21:25:49.871021
27	13	R0012-1	Abrigo Largo	1	f	\N
28	14	R0013-1	Abrigo De Piel	1	t	2026-03-08 03:25:44.930843
29	15	R0014-1	Abrigo De Piel	1	t	2026-03-08 03:29:50.811032
30	16	R0015-1	Camisas	1	f	\N
31	16	R0015-2	Camisas	2	f	\N
32	16	R0015-3	Camisas	3	f	\N
33	16	R0015-4	Camisas	4	f	\N
34	16	R0015-5	Camisas	5	f	\N
35	16	R0015-6	Camisas	6	f	\N
36	16	R0015-7	Camisas	7	f	\N
37	16	R0015-8	Camisas	8	f	\N
38	16	R0015-9	Camisas	9	f	\N
39	16	R0015-10	Camisas	10	f	\N
40	16	R0015-11	Camisas	11	f	\N
41	16	R0015-12	Camisas	12	f	\N
42	17	R0016-1	Camisas	1	f	\N
43	18	R0017-1	Abrigo De Piel	1	f	\N
44	18	R0017-2	Abrigo De Piel	2	f	\N
45	18	R0017-3	Abrigo De Piel	3	f	\N
46	19	R0018-1	Camisas	1	f	\N
47	19	R0018-2	Camisas	2	f	\N
48	19	R0018-3	Camisas	3	f	\N
49	19	R0018-4	Camisas	4	f	\N
50	19	R0018-5	Camisas	5	f	\N
51	19	R0018-6	Camisas	6	f	\N
52	19	R0018-7	Camisas	7	f	\N
53	19	R0018-8	Camisas	8	f	\N
54	19	R0018-9	Camisas	9	f	\N
55	19	R0018-10	Camisas	10	f	\N
56	19	R0018-11	Camisas	11	f	\N
57	19	R0018-12	Camisas	12	f	\N
58	20	R0019-1	Camisas	1	f	\N
59	20	R0019-2	Camisas	2	f	\N
60	20	R0019-3	Camisas	3	f	\N
61	20	R0019-4	Camisas	4	f	\N
62	20	R0019-5	Camisas	5	f	\N
63	20	R0019-6	Camisas	6	f	\N
64	20	R0019-7	Camisas	7	f	\N
65	20	R0019-8	Camisas	8	f	\N
66	20	R0019-9	Camisas	9	f	\N
67	20	R0019-10	Camisas	10	f	\N
68	20	R0019-11	Camisas	11	f	\N
69	20	R0019-12	Camisas	12	f	\N
70	20	R0019-13	Camisas	13	f	\N
71	21	R0020-1	Camisas	1	f	\N
72	21	R0020-2	Camisas	2	f	\N
73	21	R0020-3	Camisas	3	f	\N
74	21	R0020-4	Camisas	4	f	\N
75	21	R0020-5	Camisas	5	f	\N
76	21	R0020-6	Camisas	6	f	\N
77	21	R0020-7	Camisas	7	f	\N
78	21	R0020-8	Camisas	8	f	\N
79	21	R0020-9	Camisas	9	f	\N
80	21	R0020-10	Camisas	10	f	\N
81	21	R0020-11	Camisas	11	f	\N
82	21	R0020-12	Camisas	12	f	\N
83	22	R0021-1	Abrigo De Piel	1	f	\N
84	22	R0021-2	Abrigo De Piel	2	f	\N
85	22	R0021-3	Abrigo De Piel	3	f	\N
86	22	R0021-4	Abrigo De Piel	4	f	\N
87	22	R0021-5	Abrigo De Piel	5	f	\N
88	22	R0021-6	Abrigo De Piel	6	f	\N
89	22	R0021-7	Abrigo De Piel	7	f	\N
90	23	R0022-1	Abrigo Largo	1	f	\N
91	23	R0022-2	Abrigo Largo	2	f	\N
92	23	R0022-3	Abrigo Largo	3	f	\N
93	23	R0022-4	Abrigo Largo	4	f	\N
94	23	R0022-5	Abrigo Largo	5	f	\N
95	23	R0022-6	Abrigo Largo	6	f	\N
96	23	R0022-7	Camisas	7	f	\N
97	23	R0022-8	Boton Nuevo	8	f	\N
\.


--
-- Data for Name: order_items; Type: TABLE DATA; Schema: public; Owner: postgres
--

COPY public.order_items (id, order_id, product_service_id, quantity, unit_price, line_total) FROM stdin;
1	1	33	1	150.00	150.00
2	1	1	1	150.00	150.00
3	2	33	1	150.00	150.00
4	2	33	3	150.00	450.00
5	3	33	1	150.00	150.00
6	4	35	1	20.00	20.00
7	5	33	1	150.00	150.00
8	6	33	1	150.00	150.00
9	7	13	1	100.00	100.00
10	7	13	1	100.00	100.00
11	7	13	1	100.00	100.00
12	7	34	10	80.00	800.00
13	8	36	1	200.00	200.00
14	8	1	1	150.00	150.00
15	9	36	1	200.00	200.00
16	10	36	1	200.00	200.00
17	11	35	1	20.00	20.00
18	11	35	1	20.00	20.00
19	11	35	1	20.00	20.00
20	11	35	2	20.00	40.00
21	11	35	2	20.00	40.00
22	11	35	2	20.00	40.00
23	11	35	1	20.00	20.00
24	11	35	1	20.00	20.00
25	11	35	1	20.00	20.00
26	12	35	13	20.00	260.00
27	13	33	1	150.00	150.00
28	14	36	1	200.00	200.00
29	15	36	1	200.00	200.00
30	16	35	7	30.00	210.00
31	16	35	5	30.00	150.00
32	17	35	1	20.00	20.00
33	18	36	1	200.00	200.00
34	18	36	1	200.00	200.00
35	18	36	1	200.00	200.00
36	19	35	12	20.00	240.00
37	20	35	2	20.00	40.00
38	20	35	2	20.00	40.00
39	20	35	2	20.00	40.00
40	20	35	1	20.00	20.00
41	20	35	1	20.00	20.00
42	20	35	1	20.00	20.00
43	20	35	1	20.00	20.00
44	20	35	3	20.00	60.00
45	21	35	5	20.00	100.00
46	21	35	3	20.00	60.00
47	21	35	2	20.00	40.00
48	21	35	2	20.00	40.00
49	22	36	1	200.00	200.00
50	22	36	1	200.00	200.00
51	22	36	1	200.00	200.00
52	22	36	1	200.00	200.00
53	22	36	3	200.00	600.00
54	23	33	6	10.00	60.00
55	23	35	1	20.00	20.00
56	23	20	1	40.00	40.00
\.


--
-- Data for Name: order_payments; Type: TABLE DATA; Schema: public; Owner: postgres
--

COPY public.order_payments (id, order_id, method, amount, points_used, created_at) FROM stdin;
1	2	cash	600.00	0	2026-03-07 16:25:13.976028
2	3	card	150.00	0	2026-03-07 16:26:15.519308
3	4	cash	50.00	0	2026-03-07 16:40:02.958918
4	5	cash	150.00	0	2026-03-07 16:45:06.206187
5	6	cash	50.00	0	2026-03-07 16:46:30.818919
6	6	card	100.00	0	2026-03-07 16:46:30.818919
7	7	cash	600.00	0	2026-03-07 16:57:16.69178
8	8	cash	150.00	0	2026-03-07 17:13:58.804073
9	8	card	200.00	0	2026-03-07 17:13:58.804073
10	7	cash	500.00	0	2026-03-07 17:16:04.687625
11	9	cash	200.00	0	2026-03-07 19:12:59.656824
12	10	cash	200.00	0	2026-03-07 20:51:06.957239
13	11	cash	150.00	0	2026-03-07 21:02:30.501267
14	12	cash	170.00	0	2026-03-07 21:22:06.809204
15	14	cash	300.00	0	2026-03-08 03:27:43.879393
16	15	cash	200.00	0	2026-03-08 03:30:11.390885
17	16	cash	150.00	0	2026-03-08 03:32:49.949826
18	17	cash	20.00	0	2026-03-08 03:56:35.598607
19	18	cash	600.00	0	2026-03-08 04:07:47.147926
20	19	cash	100.00	0	2026-03-10 02:12:00.303416
21	19	card	50.00	0	2026-03-10 02:12:00.303416
22	20	cash	100.00	0	2026-03-10 02:25:54.640947
23	20	card	70.00	0	2026-03-10 02:25:54.640947
24	21	cash	30.00	0	2026-03-10 02:48:04.514237
25	21	card	120.00	0	2026-03-10 02:48:04.514237
26	22	cash	1000.00	0	2026-03-10 02:54:55.822607
27	22	card	400.00	0	2026-03-10 02:54:55.822607
28	23	cash	20.00	0	2026-03-10 03:11:46.270243
29	23	card	100.00	0	2026-03-10 03:11:46.270243
\.


--
-- Data for Name: prints; Type: TABLE DATA; Schema: public; Owner: postgres
--

COPY public.prints (id, name) FROM stdin;
1	Liso
2	Bolitas
3	Rayas
4	Gales
5	Encaje
6	Flores
7	Jaspeado
8	Tejido
9	Cuadros
10	Dos Todos
11	Palmas
12	Cuadro Chico
13	Cuadro Grande
14	Rombos
15	Panel
16	Moscata
\.


--
-- Data for Name: promotions; Type: TABLE DATA; Schema: public; Owner: postgres
--

COPY public.promotions (id, business_id, client_type_id, title, description, discount_pct, active, created_at, service_id, bundle_price, starts_at, ends_at, promo_type, branch_id) FROM stdin;
2	20	\N	Pantalones	\N	\N	t	2026-03-07 16:01:16.885956	1	200	2026-03-07 00:00:00	2026-03-31 00:00:00	bundle_price	\N
1	20	\N	Docena De Planchados	Planchados	\N	t	2026-03-07 15:34:52.515019	2	150	2026-03-07 00:00:00	2026-03-31 00:00:00	bundle_price	\N
\.


--
-- Data for Name: promo_required_lines; Type: TABLE DATA; Schema: public; Owner: postgres
--

COPY public.promo_required_lines (id, promo_id, item_id, category_id, quantity) FROM stdin;
1	1	35	\N	12
2	2	34	\N	5
\.


--
-- Data for Name: promo_reward_lines; Type: TABLE DATA; Schema: public; Owner: postgres
--

COPY public.promo_reward_lines (id, promo_id, item_id, quantity) FROM stdin;
\.


--
-- Name: admins_id_seq; Type: SEQUENCE SET; Schema: public; Owner: postgres
--

SELECT pg_catalog.setval('public.admins_id_seq', 25, true);


--
-- Name: branch_item_overrides_id_seq; Type: SEQUENCE SET; Schema: public; Owner: postgres
--

SELECT pg_catalog.setval('public.branch_item_overrides_id_seq', 1, true);


--
-- Name: branches_id_seq; Type: SEQUENCE SET; Schema: public; Owner: postgres
--

SELECT pg_catalog.setval('public.branches_id_seq', 20, true);


--
-- Name: business_holidays_id_seq; Type: SEQUENCE SET; Schema: public; Owner: postgres
--

SELECT pg_catalog.setval('public.business_holidays_id_seq', 37, true);


--
-- Name: business_hours_id_seq; Type: SEQUENCE SET; Schema: public; Owner: postgres
--

SELECT pg_catalog.setval('public.business_hours_id_seq', 31, true);


--
-- Name: businesses_id_seq; Type: SEQUENCE SET; Schema: public; Owner: postgres
--

SELECT pg_catalog.setval('public.businesses_id_seq', 23, true);


--
-- Name: categories_id_seq; Type: SEQUENCE SET; Schema: public; Owner: postgres
--

SELECT pg_catalog.setval('public.categories_id_seq', 52, true);


--
-- Name: client_discounts_id_seq; Type: SEQUENCE SET; Schema: public; Owner: postgres
--

SELECT pg_catalog.setval('public.client_discounts_id_seq', 1, false);


--
-- Name: client_types_id_seq; Type: SEQUENCE SET; Schema: public; Owner: postgres
--

SELECT pg_catalog.setval('public.client_types_id_seq', 3, true);


--
-- Name: clients_id_seq; Type: SEQUENCE SET; Schema: public; Owner: postgres
--

SELECT pg_catalog.setval('public.clients_id_seq', 12, true);


--
-- Name: colors_id_seq; Type: SEQUENCE SET; Schema: public; Owner: postgres
--

SELECT pg_catalog.setval('public.colors_id_seq', 45, true);


--
-- Name: defects_id_seq; Type: SEQUENCE SET; Schema: public; Owner: postgres
--

SELECT pg_catalog.setval('public.defects_id_seq', 20, true);


--
-- Name: employees_id_seq; Type: SEQUENCE SET; Schema: public; Owner: postgres
--

SELECT pg_catalog.setval('public.employees_id_seq', 8, true);


--
-- Name: items_id_seq; Type: SEQUENCE SET; Schema: public; Owner: postgres
--

SELECT pg_catalog.setval('public.items_id_seq', 36, true);


--
-- Name: order_garment_tickets_id_seq; Type: SEQUENCE SET; Schema: public; Owner: postgres
--

SELECT pg_catalog.setval('public.order_garment_tickets_id_seq', 97, true);


--
-- Name: order_items_id_seq; Type: SEQUENCE SET; Schema: public; Owner: postgres
--

SELECT pg_catalog.setval('public.order_items_id_seq', 56, true);


--
-- Name: order_payments_id_seq; Type: SEQUENCE SET; Schema: public; Owner: postgres
--

SELECT pg_catalog.setval('public.order_payments_id_seq', 29, true);


--
-- Name: orders_id_seq; Type: SEQUENCE SET; Schema: public; Owner: postgres
--

SELECT pg_catalog.setval('public.orders_id_seq', 23, true);


--
-- Name: prints_id_seq; Type: SEQUENCE SET; Schema: public; Owner: postgres
--

SELECT pg_catalog.setval('public.prints_id_seq', 17, true);


--
-- Name: promo_required_lines_id_seq; Type: SEQUENCE SET; Schema: public; Owner: postgres
--

SELECT pg_catalog.setval('public.promo_required_lines_id_seq', 3, true);


--
-- Name: promo_reward_lines_id_seq; Type: SEQUENCE SET; Schema: public; Owner: postgres
--

SELECT pg_catalog.setval('public.promo_reward_lines_id_seq', 1, false);


--
-- Name: promotions_id_seq; Type: SEQUENCE SET; Schema: public; Owner: postgres
--

SELECT pg_catalog.setval('public.promotions_id_seq', 3, true);


--
-- Name: roles_id_seq; Type: SEQUENCE SET; Schema: public; Owner: postgres
--

SELECT pg_catalog.setval('public.roles_id_seq', 7, true);


--
-- Name: services_id_seq; Type: SEQUENCE SET; Schema: public; Owner: postgres
--

SELECT pg_catalog.setval('public.services_id_seq', 11, true);


--
-- PostgreSQL database dump complete
--

\unrestrict ZhTX4gAphTbdAecuRHGDTMXDtc7hC93HIBcDO9HWZDBrZUU0n6uojrD2LcHaPbS

